Date,Apprehended,CBP_Custody,Transferred,HHS_Care,Discharged,Transfer_Efficiency,Discharge_Effectiveness,Pipeline_Throughput,Backlog,Outcome_Stability
2023-01-12,33.0,53.0,34.0,6566.0,436.0,0.6415094339622641,0.06640268047517514,13.212121212121213,-403.0,
2023-01-22,32.0,49.0,39.0,7122.0,227.0,0.7959183673469388,0.031873069362538614,7.09375,-195.0,
2023-01-23,32.0,50.0,39.0,7280.0,181.0,0.78,0.02486263736263736,5.65625,-149.0,
2023-01-24,47.0,42.0,47.0,7433.0,175.0,1.119047619047619,0.023543656666218216,3.723404255319149,-128.0,
2023-01-25,20.0,22.0,41.0,7538.0,180.0,1.8636363636363635,0.02387901300079597,9.0,-160.0,
2023-01-29,23.0,45.0,11.0,7472.0,303.0,0.24444444444444444,0.04055139186295503,13.173913043478262,-280.0,
2023-01-30,34.0,54.0,29.0,7743.0,196.0,0.5370370370370371,0.025313186103577426,5.764705882352941,-162.0,0.015640469980482647
2023-01-31,26.0,36.0,36.0,7803.0,158.0,1.0,0.020248622324746893,6.076923076923077,-132.0,0.006853681121030423
2023-02-01,25.0,32.0,27.0,7903.0,231.0,0.84375,0.029229406554472984,9.24,-206.0,0.006620966180946612
2023-02-02,15.0,13.0,23.0,7879.0,298.0,1.7692307692307692,0.03782205863688285,19.866666666666667,-283.0,0.007709948483934486
2023-02-05,16.0,18.0,15.0,7586.0,342.0,0.8333333333333334,0.04508304771948326,21.375,-326.0,0.009435062926939762
2023-02-06,11.0,22.0,12.0,7720.0,196.0,0.5454545454545454,0.02538860103626943,17.818181818181817,-185.0,0.009240896903727468
2023-02-07,16.0,20.0,20.0,7855.0,200.0,1.0,0.025461489497135583,12.5,-184.0,0.008639961107606642
2023-02-08,93.0,196.0,169.0,7915.0,317.0,0.8622448979591837,0.04005053695514845,3.4086021505376345,-224.0,0.009147259568754059
2023-02-09,124.0,234.0,161.0,7908.0,353.0,0.688034188034188,0.044638340920586744,2.846774193548387,-229.0,0.00859920786177499
2023-02-12,92.0,203.0,173.0,7434.0,317.0,0.8522167487684729,0.042641915523271456,3.4456521739130435,-225.0,0.008493456968464954
2023-02-13,186.0,259.0,172.0,7483.0,244.0,0.6640926640926641,0.03260724308432447,1.3118279569892473,-58.0,0.008666761371187819
2023-02-14,154.0,225.0,220.0,7794.0,223.0,0.9777777777777777,0.02861175263022838,1.448051948051948,-69.0,0.008187606307735601
2023-02-15,91.0,199.0,172.0,7869.0,290.0,0.864321608040201,0.036853475663997964,3.1868131868131866,-199.0,0.007220853325389281
2023-02-16,81.0,213.0,153.0,7793.0,361.0,0.7183098591549296,0.046323623764917235,4.45679012345679,-280.0,0.006492977955707334
2023-02-20,209.0,285.0,184.0,7817.0,209.0,0.6456140350877193,0.02673659971856211,1.0,0.0,0.007874791558780377
2023-02-21,184.0,314.0,217.0,7967.0,213.0,0.6910828025477707,0.02673528304255052,1.1576086956521738,-29.0,0.007856026028682244
2023-02-22,107.0,215.0,230.0,7978.0,232.0,1.069767441860465,0.029079969917272498,2.1682242990654204,-125.0,0.007109583975598683
2023-02-23,101.0,162.0,178.0,7914.0,386.0,1.0987654320987654,0.04877432398281526,3.8217821782178216,-285.0,0.009428061231612555
2023-02-26,99.0,190.0,176.0,7609.0,323.0,0.9263157894736842,0.04244973058220528,3.2626262626262625,-224.0,0.009381859951018994
2023-02-27,167.0,239.0,166.0,7800.0,248.0,0.694560669456067,0.031794871794871796,1.4850299401197604,-81.0,0.009561846728159502
2023-02-28,115.0,216.0,169.0,7896.0,200.0,0.7824074074074074,0.025329280648429583,1.7391304347826086,-85.0,0.009057787121015405
2023-03-01,84.0,158.0,193.0,7930.0,307.0,1.2215189873417722,0.03871374527112232,3.6547619047619047,-223.0,0.008808391850388234
2023-03-02,130.0,227.0,192.0,7870.0,335.0,0.8458149779735683,0.042566709021601014,2.576923076923077,-205.0,0.008448601848983994
2023-03-07,88.0,214.0,160.0,7859.0,259.0,0.7476635514018691,0.03295584679984731,2.9431818181818183,-171.0,0.007959042419845932
2023-03-08,113.0,208.0,159.0,7885.0,291.0,0.7644230769230769,0.03690551680405834,2.575221238938053,-178.0,0.006238104111381136
2023-03-09,174.0,285.0,150.0,7786.0,340.0,0.5263157894736842,0.043668122270742356,1.9540229885057472,-166.0,0.006466835180098772
2023-03-13,104.0,230.0,206.0,7567.0,249.0,0.8956521739130435,0.032906039381525046,2.394230769230769,-145.0,0.0063594257057073295
2023-03-14,147.0,276.0,214.0,7810.0,181.0,0.7753623188405797,0.023175416133162614,1.2312925170068028,-34.0,0.006990946300409161
2023-03-15,108.0,220.0,213.0,7915.0,286.0,0.9681818181818181,0.0361339229311434,2.6481481481481484,-178.0,0.00688144335871432
2023-03-16,180.0,280.0,146.0,7989.0,308.0,0.5214285714285715,0.03855301038928527,1.711111111111111,-128.0,0.006337594093045175
2023-03-19,134.0,294.0,186.0,7885.0,306.0,0.6326530612244898,0.03880786303107166,2.283582089552239,-172.0,0.00642382945873727
2023-03-20,202.0,313.0,158.0,7931.0,279.0,0.5047923322683706,0.03517841381919052,1.381188118811881,-77.0,0.006404548841293027
2023-03-21,110.0,272.0,193.0,8050.0,221.0,0.7095588235294118,0.02745341614906832,2.0090909090909093,-111.0,0.005862615055241997
2023-03-22,166.0,277.0,229.0,8097.0,246.0,0.8267148014440433,0.030381622823267878,1.4819277108433735,-80.0,0.005958601105637064
2023-03-23,136.0,276.0,178.0,8102.0,331.0,0.644927536231884,0.040854110096272524,2.4338235294117645,-195.0,0.0048338219564516985
2023-03-26,87.0,246.0,173.0,7847.0,352.0,0.7032520325203252,0.04485790748056582,4.045977011494253,-265.0,0.006046027210029387
2023-03-27,84.0,171.0,157.0,7994.0,235.0,0.9181286549707602,0.02939704778583938,2.7976190476190474,-151.0,0.006520757465716535
2023-03-28,167.0,209.0,157.0,8079.0,223.0,0.7511961722488039,0.02760242604282708,1.3353293413173652,-56.0,0.006874939551964013
2023-03-29,109.0,245.0,159.0,8208.0,267.0,0.6489795918367347,0.03252923976608187,2.44954128440367,-158.0,0.006851260774483031
2023-03-30,156.0,256.0,176.0,8158.0,359.0,0.6875,0.04400588379504781,2.301282051282051,-203.0,0.007337643151511437
2023-04-02,125.0,232.0,192.0,7981.0,304.0,0.8275862068965517,0.03809046485402832,2.432,-179.0,0.00698312642869735
2023-04-03,118.0,139.0,168.0,8054.0,284.0,1.20863309352518,0.03526198162403774,2.406779661016949,-166.0,0.006753104530295882
2023-04-04,142.0,235.0,139.0,8068.0,259.0,0.5914893617021276,0.03210213187902826,1.823943661971831,-117.0,0.005570511501322205
2023-04-05,148.0,245.0,175.0,8175.0,260.0,0.7142857142857143,0.031804281345565746,1.7567567567567568,-112.0,0.005296373611058481
2023-04-06,119.0,219.0,210.0,8178.0,284.0,0.958904109589041,0.0347273171924676,2.3865546218487395,-165.0,0.004353991549050317
2023-04-09,105.0,210.0,149.0,7900.0,329.0,0.7095238095238096,0.04164556962025316,3.1333333333333333,-224.0,0.004668298900781249
2023-04-10,143.0,203.0,163.0,7826.0,265.0,0.8029556650246306,0.03386148734985944,1.8531468531468531,-122.0,0.0034851111069401698
2023-04-11,119.0,209.0,152.0,7922.0,187.0,0.7272727272727273,0.023605150214592276,1.5714285714285714,-68.0,0.005377598131982431
2023-04-12,155.0,212.0,181.0,7876.0,283.0,0.8537735849056604,0.035931945149822245,1.8258064516129033,-128.0,0.005424368438433989
2023-04-13,109.0,214.0,173.0,7795.0,370.0,0.8084112149532711,0.04746632456703015,3.3944954128440368,-261.0,0.00752255606448954
2023-04-16,191.0,283.0,192.0,7380.0,272.0,0.6784452296819788,0.03685636856368564,1.4240837696335078,-81.0,0.007340365688175971
2023-04-17,170.0,297.0,196.0,7344.0,248.0,0.6599326599326599,0.03376906318082789,1.4588235294117646,-78.0,0.007383374834948803
2023-04-18,152.0,272.0,214.0,7376.0,234.0,0.7867647058823529,0.03172451193058568,1.5394736842105263,-82.0,0.007102246867879843
2023-04-19,239.0,367.0,224.0,7356.0,229.0,0.6103542234332425,0.0311310494834149,0.9581589958158996,10.0,0.007232638399774474
2023-04-20,113.0,280.0,237.0,7490.0,320.0,0.8464285714285714,0.042723631508678236,2.831858407079646,-207.0,0.006001772794486756
2023-04-23,196.0,306.0,187.0,7534.0,266.0,0.6111111111111112,0.03530661003451022,1.3571428571428572,-70.0,0.006026418816061694
2023-04-24,236.0,330.0,222.0,7796.0,213.0,0.6727272727272727,0.027321703437660338,0.902542372881356,23.0,0.004897795514056131
2023-04-25,81.0,230.0,242.0,8017.0,202.0,1.0521739130434782,0.025196457527753523,2.493827160493827,-121.0,0.005724608350836391
2023-04-26,118.0,245.0,160.0,8117.0,256.0,0.6530612244897959,0.03153874584205987,2.169491525423729,-138.0,0.005701189323878103
2023-04-27,218.0,283.0,208.0,8159.0,310.0,0.734982332155477,0.03799485231033215,1.4220183486238531,-92.0,0.006104343966195276
2023-04-30,132.0,243.0,183.0,8352.0,293.0,0.7530864197530864,0.03508141762452107,2.2196969696969697,-161.0,0.006082044695392661
2023-05-01,224.0,315.0,152.0,8492.0,237.0,0.48253968253968255,0.027908619877531796,1.0580357142857142,-13.0,0.0048233629008722825
2023-05-02,167.0,326.0,213.0,8654.0,245.0,0.6533742331288344,0.028310607811416685,1.467065868263473,-78.0,0.004618367322468252
2023-05-03,209.0,353.0,232.0,8704.0,267.0,0.6572237960339944,0.030675551470588234,1.277511961722488,-58.0,0.004405293831107138
2023-05-04,153.0,253.0,286.0,8790.0,332.0,1.1304347826086956,0.03777019340159272,2.1699346405228757,-179.0,0.004224212649429876
2023-05-07,180.0,337.0,219.0,8485.0,375.0,0.6498516320474778,0.04419563936358279,2.0833333333333335,-195.0,0.005966652247808477
2023-05-08,133.0,287.0,189.0,8590.0,261.0,0.6585365853658537,0.03038416763678696,1.962406015037594,-128.0,0.005930248213078537
2023-05-09,187.0,310.0,247.0,8606.0,250.0,0.7967741935483871,0.029049500348594003,1.3368983957219251,-63.0,0.006093929739577885
2023-05-10,168.0,285.0,210.0,8681.0,304.0,0.7368421052631579,0.03501900702684022,1.8095238095238095,-136.0,0.005762585894907413
2023-05-11,269.0,412.0,204.0,8672.0,392.0,0.49514563106796117,0.045202952029520294,1.4572490706319703,-123.0,0.006635044975526318
2023-05-14,100.0,255.0,236.0,8445.0,288.0,0.9254901960784314,0.03410301953818828,2.88,-188.0,0.0062905039262947165
2023-05-15,205.0,294.0,177.0,8571.0,277.0,0.6020408163265306,0.03231828258079571,1.351219512195122,-72.0,0.006447214978988512
2023-05-16,161.0,304.0,211.0,8572.0,272.0,0.694078947368421,0.03173121791880541,1.68944099378882,-111.0,0.005355792820064445
2023-05-17,57.0,162.0,193.0,8569.0,307.0,1.191358024691358,0.03582681759831952,5.385964912280702,-250.0,0.005138687929414921
2023-05-18,80.0,122.0,152.0,8474.0,351.0,1.2459016393442623,0.041420816615529855,4.3875,-271.0,0.0049761724436466915
2023-05-21,107.0,170.0,133.0,7826.0,343.0,0.7823529411764706,0.04382826475849732,3.205607476635514,-236.0,0.005607887014508572
2023-05-22,99.0,156.0,139.0,7848.0,240.0,0.8910256410256411,0.03058103975535168,2.4242424242424243,-141.0,0.0050785937493708294
2023-05-23,25.0,66.0,94.0,7788.0,246.0,1.4242424242424243,0.031587057010785825,9.84,-221.0,0.005293852719141345
2023-05-24,35.0,70.0,53.0,7709.0,276.0,0.7571428571428571,0.0358023089894928,7.885714285714286,-241.0,0.005124845676072456
2023-05-25,43.0,73.0,64.0,7546.0,408.0,0.8767123287671232,0.05406838059899284,9.488372093023257,-365.0,0.008188931943941128
2023-05-29,41.0,60.0,71.0,6996.0,207.0,1.1833333333333333,0.029588336192109776,5.048780487804878,-166.0,0.00890230848327448
2023-05-30,65.0,83.0,65.0,7046.0,168.0,0.7831325301204819,0.023843315356230486,2.5846153846153848,-103.0,0.010201947273205132
2023-05-31,38.0,80.0,82.0,7053.0,210.0,1.025,0.029774564015312633,5.526315789473684,-172.0,0.00968582161869508
2023-06-01,56.0,82.0,68.0,7002.0,287.0,0.8292682926829268,0.040988289060268496,5.125,-231.0,0.009939456279467504
2023-06-04,74.0,103.0,80.0,6555.0,292.0,0.7766990291262136,0.04454614797864226,3.945945945945946,-218.0,0.010374900289382734
2023-06-05,68.0,107.0,102.0,6523.0,189.0,0.9532710280373832,0.02897439828299862,2.7794117647058822,-121.0,0.010811944761975029
2023-06-06,92.0,124.0,93.0,6508.0,187.0,0.75,0.028733866011063307,2.032608695652174,-95.0,0.007466151578328327
2023-06-07,113.0,162.0,107.0,6483.0,208.0,0.6604938271604939,0.032083911769242635,1.8407079646017699,-95.0,0.007371291213676731
2023-06-08,106.0,196.0,131.0,6446.0,255.0,0.6683673469387755,0.0395594166925225,2.4056603773584904,-149.0,0.0065719281042261055
2023-06-11,86.0,152.0,168.0,6007.0,238.0,1.105263157894737,0.039620442816713834,2.7674418604651163,-152.0,0.006328385387050817
2023-06-12,84.0,118.0,136.0,6021.0,177.0,1.152542372881356,0.029397110114598904,2.107142857142857,-93.0,0.0064305665026647505
2023-06-13,59.0,64.0,117.0,6061.0,146.0,1.828125,0.024088434251773636,2.4745762711864407,-87.0,0.005831993802910243
2023-06-14,62.0,97.0,52.0,6065.0,167.0,0.5360824742268041,0.027535037098103874,2.693548387096774,-105.0,0.005971100656546
2023-06-15,91.0,75.0,97.0,6038.0,272.0,1.2933333333333332,0.045048029148724744,2.989010989010989,-181.0,0.0076309090369126
2023-06-19,29.0,51.0,11.0,5679.0,142.0,0.21568627450980393,0.02500440218348301,4.896551724137931,-113.0,0.008347890926761043
2023-06-20,33.0,53.0,34.0,5904.0,134.0,0.6415094339622641,0.022696476964769646,4.0606060606060606,-101.0,0.008534615907868831
2023-06-21,93.0,196.0,169.0,5922.0,149.0,0.8622448979591837,0.025160418777440054,1.6021505376344085,-56.0,0.007659869432014651
2023-06-22,124.0,234.0,161.0,5956.0,207.0,0.688034188034188,0.03475486903962391,1.6693548387096775,-83.0,0.008032559477046846
2023-06-25,92.0,203.0,173.0,5766.0,263.0,0.8522167487684729,0.0456122095039889,2.858695652173913,-171.0,0.00970286512403553
2023-06-26,186.0,259.0,172.0,5819.0,174.0,0.6640926640926641,0.02990204502491837,0.9354838709677419,12.0,0.009550860559971569
2023-06-27,154.0,225.0,220.0,5917.0,155.0,0.9777777777777777,0.026195707284096672,1.0064935064935066,-1.0,0.007984215932402118
2023-06-28,91.0,199.0,172.0,5999.0,174.0,0.864321608040201,0.02900483413902317,1.9120879120879122,-83.0,0.007713673958275095
2023-06-29,81.0,213.0,153.0,6058.0,213.0,0.7183098591549296,0.035160118851105975,2.6296296296296298,-132.0,0.007026760619234394
2023-07-02,209.0,285.0,184.0,5903.0,309.0,0.6456140350877193,0.05234626461121464,1.4784688995215312,-100.0,0.009521520798548977
2023-07-04,184.0,314.0,217.0,6127.0,124.0,0.6910828025477707,0.020238289538110004,0.6739130434782609,60.0,0.011289974374564141
2023-07-05,107.0,215.0,230.0,6193.0,167.0,1.069767441860465,0.02696592927498789,1.560747663551402,-60.0,0.010264782714048586
2023-07-06,101.0,162.0,178.0,6239.0,205.0,1.0987654320987654,0.03285782978041353,2.0297029702970297,-104.0,0.010253590840647482
2023-07-09,99.0,190.0,176.0,6214.0,196.0,0.9263157894736842,0.03154168007724493,1.97979797979798,-97.0,0.009959371754620073
2023-07-10,167.0,239.0,166.0,6346.0,163.0,0.694560669456067,0.025685471162937283,0.9760479041916168,4.0,0.0102336480749246
2023-07-11,115.0,216.0,169.0,6498.0,143.0,0.7824074074074074,0.02200677131425054,1.2434782608695651,-28.0,0.010774334271043656
2023-07-12,84.0,158.0,193.0,6521.0,210.0,1.2215189873417722,0.032203649746971326,2.5,-126.0,0.005058138984709817
2023-07-13,130.0,227.0,192.0,6604.0,226.0,0.8458149779735683,0.03422168382798304,1.7384615384615385,-96.0,0.004509626151609309
2023-07-16,88.0,214.0,160.0,6468.0,218.0,0.7476635514018691,0.03370439084724799,2.477272727272727,-130.0,0.004632260722055292
2023-07-17,113.0,208.0,159.0,6632.0,160.0,0.7644230769230769,0.024125452352231604,1.415929203539823,-47.0,0.004995651011475978
2023-07-18,174.0,285.0,150.0,6874.0,181.0,0.5263157894736842,0.026331102705848125,1.0402298850574712,-7.0,0.004953981584121995
2023-07-19,104.0,230.0,206.0,7001.0,226.0,0.8956521739130435,0.03228110269961434,2.173076923076923,-122.0,0.004995230693673576
2023-07-20,147.0,276.0,214.0,7116.0,281.0,0.7753623188405797,0.0394884766722878,1.91156462585034,-134.0,0.005128309139050949
2023-07-23,108.0,220.0,213.0,7052.0,276.0,0.9681818181818181,0.039137833238797506,2.5555555555555554,-168.0,0.005846550218614665
2023-07-24,180.0,280.0,146.0,7220.0,187.0,0.5214285714285715,0.025900277008310248,1.038888888888889,-7.0,0.006325196864041159
2023-07-25,134.0,294.0,186.0,7510.0,136.0,0.6326530612244898,0.018109187749667112,1.0149253731343284,-2.0,0.007977541413560722
2023-07-26,202.0,313.0,158.0,7647.0,215.0,0.5047923322683706,0.028115600889237608,1.0643564356435644,-13.0,0.007679926931281402
2023-07-27,110.0,272.0,193.0,7754.0,259.0,0.7095588235294118,0.03340211503740005,2.3545454545454545,-149.0,0.007595439979191082
2023-07-30,166.0,277.0,229.0,7671.0,305.0,0.8267148014440433,0.03976013557554426,1.8373493975903614,-139.0,0.00831124091386027
2023-07-31,136.0,276.0,178.0,7800.0,220.0,0.644927536231884,0.028205128205128206,1.6176470588235294,-84.0,0.007684594562862691
2023-08-01,87.0,246.0,173.0,8103.0,168.0,0.7032520325203252,0.02073306182895224,1.9310344827586208,-81.0,0.00732728506127137
2023-08-02,84.0,171.0,157.0,8261.0,271.0,0.9181286549707602,0.03280474518823387,3.2261904761904763,-187.0,0.00750001878582391
2023-08-03,167.0,209.0,157.0,8294.0,339.0,0.7511961722488039,0.04087292018326501,2.029940119760479,-172.0,0.007047385428124952
2023-08-06,109.0,245.0,159.0,8298.0,322.0,0.6489795918367347,0.03880453121234032,2.9541284403669725,-213.0,0.007225068207100295
2023-08-07,156.0,256.0,176.0,8493.0,202.0,0.6875,0.023784292947132933,1.294871794871795,-46.0,0.008109741934406337
2023-08-08,125.0,232.0,192.0,8725.0,207.0,0.8275862068965517,0.02372492836676218,1.656,-82.0,0.00785867172535493
2023-08-09,118.0,139.0,168.0,8888.0,251.0,1.20863309352518,0.02824032403240324,2.1271186440677967,-133.0,0.007857457278686832
2023-08-10,142.0,235.0,139.0,8914.0,353.0,0.5914893617021276,0.03960062822526363,2.4859154929577465,-211.0,0.0074325767913676465
2023-08-16,148.0,245.0,175.0,9634.0,288.0,0.7142857142857143,0.029894124974050237,1.945945945945946,-140.0,0.007496922237705665
2023-08-17,119.0,219.0,210.0,9694.0,407.0,0.958904109589041,0.04198473282442748,3.4201680672268906,-288.0,0.007721397129866391
2023-08-20,105.0,210.0,149.0,9483.0,390.0,0.7095238095238096,0.041126225877886745,3.7142857142857144,-285.0,0.008088955551098067
2023-08-21,143.0,203.0,163.0,9668.0,281.0,0.8029556650246306,0.029064956557716178,1.965034965034965,-138.0,0.007338814356089316
2023-08-22,119.0,209.0,152.0,9921.0,230.0,0.7272727272727273,0.023183146860195545,1.9327731092436975,-111.0,0.00745943387987659
2023-08-23,155.0,212.0,181.0,10071.0,285.0,0.8537735849056604,0.02829907655644921,1.8387096774193548,-130.0,0.007452823206648474
2023-08-24,109.0,214.0,173.0,10026.0,443.0,0.8084112149532711,0.044185118691402354,4.064220183486238,-334.0,0.008256144652974712
2023-08-27,191.0,283.0,192.0,9873.0,488.0,0.6784452296819788,0.049427732198926363,2.554973821989529,-297.0,0.0098072856020283
2023-08-28,170.0,297.0,196.0,10012.0,388.0,0.6599326599326599,0.03875349580503396,2.2823529411764705,-218.0,0.009593717516078978
2023-08-29,152.0,272.0,214.0,10180.0,286.0,0.7867647058823529,0.028094302554027506,1.881578947368421,-134.0,0.009762100253706756
2023-08-30,239.0,367.0,224.0,10280.0,366.0,0.6103542234332425,0.035603112840466924,1.5313807531380754,-127.0,0.009471724428940245
2023-08-31,113.0,280.0,237.0,10140.0,505.0,0.8464285714285714,0.04980276134122288,4.469026548672566,-392.0,0.009102858747166216
2023-09-04,196.0,306.0,187.0,9988.0,293.0,0.6111111111111112,0.02933520224269123,1.4948979591836735,-97.0,0.008902924170474426
2023-09-05,236.0,330.0,222.0,10142.0,243.0,0.6727272727272727,0.023959771248274503,1.0296610169491525,-7.0,0.01024028494146311
2023-09-06,81.0,230.0,242.0,10356.0,291.0,1.0521739130434782,0.02809965237543453,3.5925925925925926,-210.0,0.008798158193024175
2023-09-07,118.0,245.0,160.0,10419.0,398.0,0.6530612244897959,0.03819944332469527,3.3728813559322033,-280.0,0.008744068432462506
2023-09-10,218.0,283.0,208.0,10282.0,382.0,0.734982332155477,0.03715230499902743,1.7522935779816513,-164.0,0.00851261023065016
2023-09-11,132.0,243.0,183.0,10492.0,277.0,0.7530864197530864,0.02640106747998475,2.0984848484848486,-145.0,0.00902571423503096
2023-09-12,224.0,315.0,152.0,10649.0,316.0,0.48253968253968255,0.02967414780730585,1.4107142857142858,-92.0,0.005336121171259085
2023-09-13,167.0,326.0,213.0,10678.0,343.0,0.6533742331288344,0.03212212024723731,2.053892215568862,-176.0,0.005347122108659042
2023-09-14,209.0,353.0,232.0,10837.0,414.0,0.6572237960339944,0.038202454553843315,1.9808612440191387,-205.0,0.005009060565190695
2023-09-17,153.0,253.0,286.0,10799.0,427.0,1.1304347826086956,0.03954069821279748,2.7908496732026142,-274.0,0.005072263036476165
2023-09-18,180.0,337.0,219.0,10892.0,313.0,0.6498516320474778,0.028736687477047374,1.738888888888889,-133.0,0.005172738182794213
2023-09-19,133.0,287.0,189.0,11095.0,260.0,0.6585365853658537,0.023433979269941414,1.9548872180451127,-127.0,0.005932635280726096
2023-09-20,187.0,310.0,247.0,11064.0,364.0,0.7967741935483871,0.03289949385394071,1.946524064171123,-177.0,0.0055608602235297415
2023-09-21,168.0,285.0,210.0,11067.0,428.0,0.7368421052631579,0.03867353392970091,2.5476190476190474,-260.0,0.005937567220543227
2023-09-24,269.0,412.0,204.0,10744.0,403.0,0.49514563106796117,0.03750930752047654,1.4981412639405205,-134.0,0.006095486384148045
2023-09-25,100.0,255.0,236.0,10842.0,284.0,0.9254901960784314,0.026194429072126914,2.84,-184.0,0.006442240257386719
2023-09-26,205.0,294.0,177.0,10978.0,332.0,0.6020408163265306,0.03024230278739297,1.6195121951219513,-127.0,0.00563958025480608
2023-09-27,161.0,304.0,211.0,11017.0,331.0,0.694078947368421,0.030044476717799765,2.0559006211180124,-170.0,0.005569523941372331
2023-09-28,57.0,162.0,193.0,10984.0,447.0,1.191358024691358,0.040695557174071376,7.842105263157895,-390.0,0.00533009048229704
2023-10-01,80.0,122.0,152.0,10598.0,493.0,1.2459016393442623,0.046518210983204376,6.1625,-413.0,0.007144134994591604
2023-10-02,107.0,170.0,133.0,10724.0,284.0,0.7823529411764706,0.02648265572547557,2.6542056074766354,-177.0,0.007757159979169758
2023-10-03,99.0,156.0,139.0,10818.0,287.0,0.8910256410256411,0.026529857644666296,2.898989898989899,-188.0,0.008024189677488422
2023-10-04,25.0,66.0,94.0,10963.0,330.0,1.4242424242424243,0.030101249657940345,13.2,-305.0,0.0076487870643925015
2023-10-05,35.0,70.0,53.0,11130.0,427.0,0.7571428571428571,0.038364779874213835,12.2,-392.0,0.007785346866263056
2023-10-09,43.0,73.0,64.0,10815.0,282.0,0.8767123287671232,0.0260748959778086,6.558139534883721,-239.0,0.00826050263078226
2023-10-10,41.0,60.0,71.0,10910.0,257.0,1.1833333333333333,0.023556370302474795,6.2682926829268295,-216.0,0.00832525382373042
2023-10-11,65.0,83.0,65.0,10960.0,266.0,0.7831325301204819,0.02427007299270073,4.092307692307692,-201.0,0.005059921851562833
2023-10-12,38.0,80.0,82.0,10992.0,398.0,1.025,0.03620815138282387,10.473684210526315,-360.0,0.0058722400467871964
2023-10-15,56.0,82.0,68.0,10571.0,434.0,0.8292682926829268,0.04105571847507331,7.75,-378.0,0.00715608342972106
2023-10-16,74.0,103.0,80.0,10629.0,331.0,0.7766990291262136,0.031141217424028603,4.472972972972973,-257.0,0.007135977347838809
2023-10-17,68.0,107.0,102.0,10630.0,315.0,0.9532710280373832,0.029633113828786452,4.632352941176471,-247.0,0.006473387876815513
2023-10-18,92.0,124.0,93.0,10511.0,393.0,0.75,0.037389401579297876,4.271739130434782,-301.0,0.006659167161718482
2023-10-19,113.0,162.0,107.0,10319.0,406.0,0.6604938271604939,0.03934489776141099,3.5929203539823007,-293.0,0.006006574220228531
2023-10-22,106.0,196.0,131.0,9506.0,454.0,0.6683673469387755,0.047759309909530825,4.283018867924528,-348.0,0.00612784893779341
2023-10-23,86.0,152.0,168.0,9436.0,327.0,1.105263157894737,0.03465451462484104,3.802325581395349,-241.0,0.006210212067722528
2023-10-24,84.0,118.0,136.0,9396.0,300.0,1.152542372881356,0.031928480204342274,3.5714285714285716,-216.0,0.0062440583088400215
2023-10-25,59.0,64.0,117.0,9351.0,293.0,1.828125,0.03133354721420169,4.966101694915254,-234.0,0.0062195994697085664
2023-10-26,62.0,97.0,52.0,9235.0,390.0,0.5360824742268041,0.04223064428803465,6.290322580645161,-328.0,0.005881572347458839
2023-10-29,91.0,75.0,97.0,8925.0,418.0,1.2933333333333332,0.046834733893557426,4.593406593406593,-327.0,0.006784297938490071
2023-10-30,29.0,51.0,11.0,9026.0,278.0,0.21568627450980393,0.030799911367161533,9.586206896551724,-249.0,0.007477782863600586
2023-10-31,33.0,53.0,34.0,9072.0,295.0,0.6415094339622641,0.03251763668430335,8.93939393939394,-262.0,0.006260064341181781
2023-11-01,132.0,235.0,197.0,9250.0,279.0,0.8382978723404255,0.03016216216216216,2.1136363636363638,-147.0,0.0066122958425994804
2023-11-02,174.0,208.0,256.0,9442.0,330.0,1.2307692307692308,0.03495022241050625,1.896551724137931,-156.0,0.006466603132166307
2023-11-05,123.0,230.0,167.0,9273.0,370.0,0.7260869565217392,0.039900787231748086,3.008130081300813,-247.0,0.006345851547609215
2023-11-06,123.0,233.0,159.0,9286.0,316.0,0.6824034334763949,0.034029722162395006,2.569105691056911,-193.0,0.005912076502014436
2023-11-07,141.0,232.0,188.0,9483.0,231.0,0.8103448275862069,0.024359379943055995,1.6382978723404256,-90.0,0.00478981785521686
2023-11-08,158.0,226.0,191.0,9634.0,310.0,0.8451327433628318,0.03217770396512352,1.9620253164556962,-152.0,0.004741723269855017
2023-11-12,96.0,160.0,233.0,9477.0,313.0,1.45625,0.03302732932362562,3.2604166666666665,-217.0,0.004744422369179011
2023-11-13,141.0,173.0,129.0,9510.0,287.0,0.7456647398843931,0.030178759200841218,2.0354609929078014,-146.0,0.004742971020011382
2023-11-14,116.0,181.0,182.0,9665.0,247.0,1.0055248618784531,0.025556130367304707,2.1293103448275863,-131.0,0.005285167510419507
2023-11-15,150.0,157.0,201.0,9762.0,316.0,1.2802547770700636,0.03237041589838148,2.1066666666666665,-166.0,0.003806761327258806
2023-11-16,80.0,176.0,125.0,9762.0,374.0,0.7102272727272727,0.03831182134808441,4.675,-294.0,0.004745131358362406
2023-11-19,116.0,188.0,164.0,9573.0,435.0,0.8723404255319149,0.04544030084612974,3.75,-319.0,0.006353082314103177
2023-11-20,105.0,185.0,158.0,9638.0,298.0,0.8540540540540541,0.03091927785847686,2.8380952380952382,-193.0,0.006426205324020955
2023-11-21,136.0,246.0,123.0,9804.0,250.0,0.5,0.025499796001631988,1.838235294117647,-114.0,0.007144535579351012
2023-11-23,128.0,228.0,177.0,9838.0,283.0,0.7763157894736842,0.028766009351494207,2.2109375,-155.0,0.0072439534012828976
2023-11-26,90.0,196.0,205.0,9845.0,312.0,1.0459183673469388,0.031691213814118845,3.466666666666667,-222.0,0.006620979370379369
2023-11-27,56.0,82.0,68.0,10123.0,214.0,0.8292682926829268,0.02113997826731206,3.8214285714285716,-158.0,0.008079645915382277
2023-11-28,74.0,103.0,80.0,10223.0,223.0,0.7766990291262136,0.021813557664090776,3.0135135135135136,-149.0,0.008228047668261422
2023-11-29,68.0,107.0,102.0,10398.0,284.0,0.9532710280373832,0.027312944797076362,4.176470588235294,-216.0,0.00415495380659344
2023-11-30,92.0,124.0,93.0,10536.0,320.0,0.75,0.030372057706909643,3.4782608695652173,-228.0,0.004067323615815541
2023-12-03,132.0,235.0,197.0,10579.0,417.0,0.8382978723404255,0.039417714339729654,3.159090909090909,-285.0,0.006232929899087984
2023-12-04,174.0,208.0,256.0,10635.0,273.0,1.2307692307692308,0.025669957686882933,1.5689655172413792,-99.0,0.0063319561725784625
2023-12-05,123.0,230.0,167.0,10761.0,261.0,0.7260869565217392,0.024254251463618624,2.1219512195121952,-138.0,0.006272668146666401
2023-12-06,123.0,233.0,159.0,10832.0,376.0,0.6824034334763949,0.03471196454948301,3.0569105691056913,-253.0,0.0062061350459618235
2023-12-07,141.0,232.0,188.0,10897.0,466.0,0.8103448275862069,0.04276406350371662,3.3049645390070923,-325.0,0.007105055734897521
2023-12-10,158.0,226.0,191.0,10871.0,411.0,0.8451327433628318,0.03780700947474933,2.6012658227848102,-253.0,0.007040402051083573
2023-12-11,96.0,160.0,233.0,10998.0,304.0,1.45625,0.027641389343517002,3.1666666666666665,-208.0,0.007317392639119585
2023-12-12,141.0,173.0,129.0,11077.0,259.0,0.7456647398843931,0.02338178207095784,1.8368794326241136,-118.0,0.007546021304997107
2023-12-13,116.0,181.0,182.0,11192.0,335.0,1.0055248618784531,0.029932094353109364,2.8879310344827585,-219.0,0.007219507623913134
2023-12-14,150.0,157.0,201.0,11242.0,396.0,1.2802547770700636,0.03522504892367906,2.64,-246.0,0.006543853861051413
2023-12-17,80.0,176.0,125.0,11092.0,456.0,0.7102272727272727,0.04111071042192571,5.7,-376.0,0.00722367287608462
2023-12-18,116.0,188.0,164.0,11149.0,364.0,0.8723404255319149,0.03264866804197686,3.1379310344827585,-248.0,0.00609767876442046
2023-12-19,105.0,185.0,158.0,11291.0,272.0,0.8540540540540541,0.024089983172438226,2.5904761904761906,-167.0,0.006321147992976658
2023-12-20,136.0,246.0,123.0,11516.0,390.0,0.5,0.033865925668634944,2.8676470588235294,-254.0,0.006277237934008454
2023-12-21,128.0,228.0,177.0,11375.0,497.0,0.7763157894736842,0.04369230769230769,3.8828125,-369.0,0.00660384285026704
2023-12-25,90.0,196.0,205.0,11144.0,347.0,1.0459183673469388,0.031137832017229004,3.8555555555555556,-257.0,0.006483535070623384
2023-12-26,56.0,82.0,68.0,11217.0,288.0,0.8292682926829268,0.025675314255148435,5.142857142857143,-232.0,0.007271823847708541
2023-12-27,74.0,103.0,80.0,11206.0,335.0,0.7766990291262136,0.029894699268249152,4.527027027027027,-261.0,0.006417118845833933
2023-12-28,68.0,107.0,102.0,11230.0,357.0,0.9532710280373832,0.031789848619768475,5.25,-289.0,0.006401295982512435
2024-01-01,92.0,124.0,93.0,10870.0,290.0,0.75,0.02667893284268629,3.152173913043478,-198.0,0.005965152660771144
2024-01-02,113.0,162.0,107.0,10770.0,316.0,0.6604938271604939,0.02934076137418756,2.7964601769911503,-203.0,0.005951570425313623
2024-01-03,106.0,196.0,131.0,10718.0,263.0,0.6683673469387755,0.02453816010449711,2.481132075471698,-157.0,0.002810587671121122
2024-01-04,86.0,152.0,168.0,10558.0,362.0,1.105263157894737,0.03428679674180716,4.209302325581396,-276.0,0.003485890216710757
2024-01-07,84.0,118.0,136.0,9670.0,367.0,1.152542372881356,0.03795243019648397,4.369047619047619,-283.0,0.004532455380298427
2024-01-08,59.0,64.0,117.0,9670.0,367.0,1.828125,0.03795243019648397,6.220338983050848,-308.0,0.005274088112852247
2024-01-09,62.0,97.0,52.0,9311.0,286.0,0.5360824742268041,0.030716356997100205,4.612903225806452,-224.0,0.005289722524712597
2024-01-10,91.0,75.0,97.0,9144.0,349.0,1.2933333333333332,0.038167104111986004,3.8351648351648353,-258.0,0.005276840283158109
2024-01-11,29.0,51.0,11.0,8829.0,476.0,0.21568627450980393,0.053913240457582966,16.413793103448278,-447.0,0.009046795126812788
2024-01-15,33.0,53.0,34.0,8033.0,234.0,0.6415094339622641,0.029129839412423753,7.090909090909091,-201.0,0.008130499446964153
2024-01-16,32.0,49.0,39.0,8133.0,188.0,0.7959183673469388,0.02311570146317472,5.875,-156.0,0.009782358778147215
2024-01-17,80.0,176.0,125.0,8072.0,353.0,0.7102272727272727,0.04373141724479683,4.4125,-273.0,0.010223319848622153
2024-01-18,116.0,188.0,164.0,8042.0,359.0,0.8723404255319149,0.044640636657547875,3.0948275862068964,-243.0,0.010665558028307091
2024-01-21,105.0,185.0,158.0,7974.0,371.0,0.8540540540540541,0.04652621018309506,3.533333333333333,-266.0,0.01063125977366007
2024-01-22,136.0,246.0,123.0,8008.0,222.0,0.5,0.027722277722277724,1.6323529411764706,-86.0,0.011601902345525206
2024-01-23,128.0,228.0,177.0,8133.0,202.0,0.7763157894736842,0.024837083487028157,1.578125,-74.0,0.010246710285091979
2024-01-24,90.0,196.0,205.0,8212.0,243.0,1.0459183673469388,0.02959084266926449,2.7,-153.0,0.01020978240664156
2024-01-25,102.0,189.0,155.0,8180.0,293.0,0.8201058201058201,0.03581907090464548,2.872549019607843,-191.0,0.008938404236962882
2024-01-28,120.0,257.0,126.0,8004.0,307.0,0.490272373540856,0.03835582208895552,2.558333333333333,-187.0,0.008389972189994245
2024-01-29,137.0,272.0,166.0,8057.0,195.0,0.6102941176470589,0.024202556782921682,1.4233576642335766,-58.0,0.008173847545132066
2024-01-30,93.0,198.0,208.0,8182.0,187.0,1.0505050505050506,0.02285504766560743,2.010752688172043,-94.0,0.005973520121453716
2024-01-31,203.0,477.0,258.0,8153.0,266.0,0.5408805031446541,0.03262602722924077,1.3103448275862069,-63.0,0.006077852032123604
2024-02-01,222.0,459.0,289.0,8026.0,337.0,0.6296296296296297,0.04198853725392474,1.518018018018018,-115.0,0.007130725879869637
2024-02-04,253.0,531.0,248.0,7813.0,342.0,0.4670433145009416,0.04377319851529502,1.3517786561264822,-89.0,0.008198851181352773
2024-02-05,157.0,466.0,345.0,7872.0,242.0,0.740343347639485,0.030741869918699188,1.5414012738853504,-85.0,0.008259350118274026
2024-02-06,291.0,455.0,323.0,8045.0,178.0,0.7098901098901099,0.022125543816034803,0.6116838487972509,113.0,0.008922522094459763
2024-02-07,227.0,453.0,330.0,8160.0,222.0,0.7284768211920529,0.027205882352941177,0.9779735682819384,5.0,0.008596932038659726
2024-02-08,298.0,499.0,358.0,8188.0,315.0,0.717434869739479,0.03847093307278945,1.0570469798657718,-17.0,0.007945904475557913
2024-02-11,205.0,515.0,226.0,8056.0,347.0,0.4388349514563107,0.04307348560079444,1.6926829268292682,-142.0,0.008629985984874109
2024-02-12,213.0,430.0,440.0,8092.0,234.0,1.0232558139534884,0.028917449332674247,1.0985915492957747,-21.0,0.0083615826460922
2024-02-13,227.0,369.0,349.0,8348.0,160.0,0.94579945799458,0.019166267369429803,0.7048458149779736,67.0,0.008481019999506761
2024-02-14,185.0,322.0,272.0,8512.0,230.0,0.84472049689441,0.027020676691729324,1.2432432432432432,-45.0,0.00854006808698305
2024-02-15,333.0,508.0,272.0,8463.0,312.0,0.5354330708661418,0.03686635944700461,0.9369369369369369,21.0,0.008252521050186075
2024-02-19,249.0,420.0,371.0,8380.0,218.0,0.8833333333333333,0.026014319809069212,0.8755020080321285,31.0,0.008368097038571574
2024-02-20,149.0,395.0,273.0,8488.0,192.0,0.6911392405063291,0.022620169651272386,1.2885906040268456,-43.0,0.008267609005264923
2024-02-21,232.0,430.0,318.0,8573.0,231.0,0.7395348837209302,0.026945060072320073,0.9956896551724138,1.0,0.005511302341021446
2024-02-22,165.0,400.0,292.0,8607.0,293.0,0.73,0.0340420587893575,1.7757575757575759,-128.0,0.006144532128627046
2024-02-25,244.0,482.0,366.0,8404.0,329.0,0.7593360995850622,0.03914802475011899,1.348360655737705,-85.0,0.006254595455250646
2024-02-26,199.0,438.0,326.0,8404.0,329.0,0.7442922374429224,0.03914802475011899,1.6532663316582914,-130.0,0.0068229290453389055
2024-02-27,197.0,369.0,306.0,8650.0,206.0,0.8292682926829268,0.023815028901734103,1.0456852791878173,-9.0,0.007085385601590286
2024-02-28,209.0,447.0,274.0,8699.0,257.0,0.6129753914988815,0.02954362570410392,1.229665071770335,-48.0,0.00685580219426827
2024-02-29,262.0,444.0,354.0,8724.0,299.0,0.7972972972972973,0.03427326914259514,1.1412213740458015,-37.0,0.005900455499115344
2024-03-03,236.0,468.0,347.0,8594.0,354.0,0.7414529914529915,0.04119152897370258,1.5,-118.0,0.006150390715699209
2024-03-04,225.0,509.0,340.0,8660.0,229.0,0.6679764243614931,0.02644341801385681,1.0177777777777777,-4.0,0.006863907983661996
2024-03-05,246.0,472.0,345.0,8800.0,214.0,0.7309322033898306,0.02431818181818182,0.8699186991869918,32.0,0.007067493082781423
2024-03-06,230.0,457.0,277.0,8870.0,232.0,0.6061269146608315,0.026155580608793687,1.008695652173913,-2.0,0.00631259910755592
2024-03-07,181.0,424.0,328.0,8902.0,305.0,0.7735849056603774,0.03426196360368457,1.6850828729281768,-124.0,0.0060017528954796565
2024-03-10,190.0,368.0,326.0,8714.0,373.0,0.8858695652173914,0.04280468212072527,1.9631578947368422,-183.0,0.007430922914248711
2024-03-11,178.0,336.0,290.0,8757.0,253.0,0.8630952380952381,0.02889117277606486,1.4213483146067416,-75.0,0.00752827100938035
2024-03-12,154.0,294.0,290.0,8843.0,213.0,0.9863945578231292,0.02408684835463078,1.3831168831168832,-59.0,0.00679107683343917
2024-03-13,165.0,358.0,167.0,8819.0,239.0,0.4664804469273743,0.027100578296859055,1.4484848484848485,-74.0,0.0067451027629677135
2024-03-14,166.0,301.0,252.0,8695.0,310.0,0.8372093023255814,0.03565267395054629,1.8674698795180722,-144.0,0.006608149543401494
2024-03-17,127.0,260.0,259.0,8373.0,342.0,0.9961538461538462,0.04084557506270154,2.6929133858267718,-215.0,0.007029055011556684
2024-03-18,123.0,243.0,188.0,8333.0,283.0,0.7736625514403292,0.033961358454338175,2.3008130081300813,-160.0,0.00702366805027041
2024-03-19,99.0,202.0,256.0,8390.0,197.0,1.2673267326732673,0.023480333730631704,1.9898989898989898,-98.0,0.006455904068186294
2024-03-20,91.0,181.0,174.0,8365.0,227.0,0.9613259668508287,0.02713687985654513,2.4945054945054945,-136.0,0.006565245531384249
2024-03-21,132.0,261.0,141.0,8292.0,235.0,0.5402298850574713,0.028340569223347805,1.7803030303030303,-103.0,0.006069957624096433
2024-03-24,124.0,264.0,221.0,7899.0,373.0,0.8371212121212122,0.04722116723635903,3.0080645161290325,-249.0,0.008305862881598276
2024-03-25,128.0,242.0,224.0,7899.0,229.0,0.9256198347107438,0.028991011520445625,1.7890625,-101.0,0.008439508559796577
2024-03-26,187.0,276.0,200.0,7919.0,208.0,0.7246376811594203,0.02626594266952898,1.1122994652406417,-21.0,0.007921678350452103
2024-03-27,129.0,287.0,185.0,7893.0,215.0,0.6445993031358885,0.027239325985050043,1.6666666666666667,-86.0,0.007877792237225182
2024-03-28,161.0,288.0,248.0,7762.0,360.0,0.8611111111111112,0.04637979902087091,2.2360248447204967,-199.0,0.009415455309534766
2024-03-31,105.0,254.0,151.0,7257.0,287.0,0.594488188976378,0.03954802259887006,2.7333333333333334,-182.0,0.009276871880851764
2024-04-01,109.0,235.0,171.0,7271.0,172.0,0.7276595744680852,0.023655618209324714,1.5779816513761469,-63.0,0.00996841712245193
2024-04-02,101.0,230.0,175.0,7340.0,132.0,0.7608695652173914,0.017983651226158037,1.306930693069307,-31.0,0.009718439165552123
2024-04-03,124.0,230.0,190.0,7346.0,163.0,0.8260869565217391,0.02218894636536891,1.314516129032258,-39.0,0.010166909489952648
2024-04-04,95.0,226.0,152.0,7317.0,225.0,0.672566371681416,0.03075030750307503,2.3684210526315788,-130.0,0.010104266516113672
2024-04-07,106.0,239.0,233.0,6982.0,279.0,0.9748953974895398,0.039959896877685475,2.6320754716981134,-173.0,0.010717839859420993
2024-04-08,102.0,230.0,167.0,6988.0,199.0,0.7260869565217392,0.02847738981110475,1.9509803921568627,-97.0,0.008475478838942204
2024-04-09,118.0,231.0,217.0,7043.0,130.0,0.9393939393939394,0.018458043447394577,1.1016949152542372,-12.0,0.007796422976869075
2024-04-10,117.0,244.0,142.0,6999.0,227.0,0.5819672131147541,0.03243320474353479,1.9401709401709402,-110.0,0.008071639683298198
2024-04-11,183.0,221.0,220.0,6912.0,285.0,0.995475113122172,0.04123263888888889,1.5573770491803278,-102.0,0.008432599470358081
2024-04-14,128.0,245.0,243.0,6630.0,290.0,0.9918367346938776,0.043740573152337855,2.265625,-162.0,0.008817933465433444
2024-04-15,144.0,303.0,176.0,6681.0,191.0,0.5808580858085809,0.028588534650501422,1.3263888888888888,-47.0,0.00897004973875853
2024-04-16,219.0,392.0,205.0,6685.0,163.0,0.5229591836734694,0.0243829468960359,0.7442922374429224,56.0,0.008965990805275381
2024-04-17,182.0,371.0,274.0,6725.0,227.0,0.738544474393531,0.0337546468401487,1.2472527472527473,-45.0,0.008935952985623743
2024-04-18,144.0,322.0,258.0,6728.0,260.0,0.8012422360248447,0.03864447086801427,1.8055555555555556,-116.0,0.0069496722978094165
2024-04-21,208.0,380.0,343.0,6745.0,240.0,0.9026315789473685,0.03558191252779837,1.1538461538461537,-32.0,0.006881392569427866
2024-04-22,176.0,424.0,251.0,6799.0,214.0,0.5919811320754716,0.031475216943668186,1.2159090909090908,-38.0,0.006411960372885787
2024-04-23,252.0,427.0,307.0,6967.0,134.0,0.7189695550351288,0.019233529496196354,0.5317460317460317,118.0,0.006723397144425479
2024-04-24,253.0,411.0,307.0,7128.0,154.0,0.7469586374695864,0.021604938271604937,0.6086956521739131,99.0,0.007483946611555999
2024-04-25,145.0,357.0,333.0,7209.0,217.0,0.9327731092436975,0.03010126231100014,1.4965517241379311,-72.0,0.007171007191657072
2024-04-28,158.0,349.0,365.0,7298.0,250.0,1.0458452722063036,0.034255960537133465,1.5822784810126582,-92.0,0.007216454266076685
2024-04-29,140.0,292.0,255.0,7373.0,187.0,0.8732876712328768,0.025362810253628104,1.3357142857142856,-47.0,0.006290794475573046
2024-04-30,220.0,443.0,194.0,7431.0,135.0,0.43792325056433407,0.018167137666532097,0.6136363636363636,85.0,0.006342426638800095
2024-05-01,197.0,437.0,295.0,7508.0,190.0,0.6750572082379863,0.02530633990410229,0.9644670050761421,7.0,0.005820279566484698
2024-05-02,206.0,411.0,293.0,7577.0,194.0,0.7128953771289538,0.02560380097663983,0.941747572815534,12.0,0.005265152722693186
2024-05-05,150.0,315.0,228.0,7447.0,332.0,0.7238095238095238,0.044581710756009134,2.2133333333333334,-182.0,0.00843963304551473
2024-05-06,173.0,337.0,211.0,7449.0,205.0,0.6261127596439169,0.02752047254665056,1.1849710982658959,-32.0,0.008442636250061468
2024-05-07,176.0,334.0,246.0,7566.0,163.0,0.7365269461077845,0.02154374834787206,0.9261363636363636,13.0,0.008411861599620209
2024-05-08,167.0,374.0,205.0,7583.0,202.0,0.5481283422459893,0.02663853356191481,1.2095808383233533,-35.0,0.008387564247285111
2024-05-09,138.0,285.0,268.0,7570.0,244.0,0.9403508771929825,0.03223249669749009,1.7681159420289856,-106.0,0.0075470876510392694
2024-05-12,138.0,301.0,263.0,7464.0,245.0,0.8737541528239202,0.03282422293676313,1.7753623188405796,-107.0,0.007458119344756843
2024-05-13,112.0,331.0,167.0,7499.0,157.0,0.5045317220543807,0.02093612481664222,1.4017857142857142,-45.0,0.008110860300233351
2024-05-14,246.0,419.0,218.0,7546.0,186.0,0.5202863961813843,0.024648820567187913,0.7560975609756098,60.0,0.004703970118073883
2024-05-15,115.0,285.0,341.0,7589.0,265.0,1.1964912280701754,0.03491896165502701,2.3043478260869565,-150.0,0.005671521222128211
2024-05-16,206.0,340.0,214.0,7565.0,234.0,0.6294117647058823,0.030931923331130203,1.1359223300970873,-28.0,0.005055905215153633
2024-05-19,143.0,295.0,278.0,7356.0,298.0,0.9423728813559322,0.04051114736269712,2.0839160839160837,-155.0,0.006484477856321434
2024-05-20,111.0,268.0,217.0,7368.0,192.0,0.8097014925373134,0.026058631921824105,1.7297297297297298,-81.0,0.006705098574156971
2024-05-21,196.0,348.0,176.0,7404.0,145.0,0.5057471264367817,0.01958400864397623,0.7397959183673469,51.0,0.007619739563451204
2024-05-22,168.0,349.0,272.0,7474.0,208.0,0.7793696275071633,0.02782981000802783,1.2380952380952381,-40.0,0.006935095314769494
2024-05-23,193.0,272.0,314.0,7494.0,227.0,1.1544117647058822,0.03029089938617561,1.1761658031088082,-34.0,0.006637874198265538
2024-05-27,156.0,344.0,252.0,7365.0,167.0,0.7325581395348837,0.02267481330617787,1.0705128205128205,-11.0,0.006743540414220335
2024-05-28,153.0,348.0,239.0,7418.0,151.0,0.6867816091954023,0.020355891075761662,0.9869281045751634,2.0,0.007215653088883237
2024-05-29,182.0,462.0,158.0,7491.0,141.0,0.341991341991342,0.01882258710452543,0.7747252747252747,41.0,0.004453679626971575
2024-05-30,167.0,406.0,339.0,7563.0,190.0,0.8349753694581281,0.025122305963242098,1.1377245508982037,-23.0,0.004383117891576467
2024-06-02,159.0,330.0,322.0,7546.0,306.0,0.9757575757575757,0.040551285449244634,1.9245283018867925,-147.0,0.007380127155694262
2024-06-03,109.0,244.0,257.0,7596.0,224.0,1.0532786885245902,0.02948920484465508,2.055045871559633,-115.0,0.007455437237115505
2024-06-04,260.0,356.0,176.0,7565.0,203.0,0.4943820224719101,0.02683410442828817,0.7807692307692308,57.0,0.007295199260576492
2024-06-05,173.0,345.0,291.0,7691.0,198.0,0.8434782608695652,0.025744376544012484,1.1445086705202312,-25.0,0.00713394920009814
2024-06-06,179.0,326.0,282.0,7741.0,238.0,0.8650306748466258,0.030745381733626148,1.329608938547486,-59.0,0.006658302128492309
2024-06-09,116.0,289.0,166.0,7451.0,312.0,0.5743944636678201,0.041873574016910484,2.689655172413793,-196.0,0.006948855126852479
2024-06-10,184.0,334.0,229.0,7439.0,212.0,0.6856287425149701,0.02849845409329211,1.1521739130434783,-28.0,0.006539116961032975
2024-06-11,186.0,352.0,224.0,7493.0,156.0,0.6363636363636364,0.020819431469371413,0.8387096774193549,30.0,0.006472169531979496
2024-06-12,152.0,266.0,274.0,7548.0,212.0,1.0300751879699248,0.028086910439851617,1.394736842105263,-60.0,0.006481381446355691
2024-06-13,167.0,293.0,230.0,7544.0,259.0,0.7849829351535836,0.03433191940615058,1.5508982035928143,-92.0,0.0066909039124069015
2024-06-16,204.0,315.0,233.0,7307.0,294.0,0.7396825396825397,0.04023539072122622,1.4411764705882353,-90.0,0.007358094611663621
2024-06-17,159.0,310.0,272.0,7318.0,224.0,0.8774193548387097,0.030609456135556164,1.4088050314465408,-65.0,0.007362395422524254
2024-06-18,160.0,297.0,253.0,7340.0,214.0,0.8518518518518519,0.029155313351498638,1.3375,-54.0,0.005977459175630848
2024-06-19,204.0,321.0,246.0,7433.0,198.0,0.7663551401869159,0.026637965828064037,0.9705882352941176,6.0,0.006108157419758491
2024-06-20,145.0,247.0,243.0,7431.0,235.0,0.9838056680161943,0.03162427667877809,1.6206896551724137,-90.0,0.00458106158693615
2024-06-23,102.0,227.0,201.0,7247.0,294.0,0.8854625550660793,0.04056851110804471,2.8823529411764706,-192.0,0.005379023974362773
2024-06-24,116.0,175.0,172.0,7239.0,202.0,0.9828571428571429,0.027904406686006356,1.7413793103448276,-86.0,0.005713500187197915
2024-06-25,172.0,263.0,191.0,7239.0,202.0,0.7262357414448669,0.027904406686006356,1.1744186046511629,-30.0,0.004703398806440948
2024-06-26,132.0,235.0,197.0,7268.0,187.0,0.8382978723404255,0.02572922399559714,1.4166666666666667,-55.0,0.0050553382283889765
2024-06-27,174.0,208.0,256.0,7248.0,268.0,1.2307692307692308,0.0369757174392936,1.5402298850574712,-94.0,0.0056805543699147
2024-06-30,123.0,230.0,167.0,6874.0,273.0,0.7260869565217392,0.03971486761710794,2.2195121951219514,-150.0,0.006121236990131066
2024-07-01,123.0,233.0,159.0,6825.0,229.0,0.6824034334763949,0.03355311355311355,1.8617886178861789,-106.0,0.0060966923404033035
2024-07-02,141.0,232.0,188.0,6823.0,184.0,0.8103448275862069,0.026967609555913822,1.3049645390070923,-43.0,0.005491599354146971
2024-07-04,158.0,226.0,191.0,6790.0,225.0,0.8451327433628318,0.03313696612665685,1.4240506329113924,-67.0,0.005313555356574049
2024-07-07,96.0,160.0,233.0,6599.0,213.0,1.45625,0.032277617820881954,2.21875,-117.0,0.004999948006126362
2024-07-08,141.0,173.0,129.0,6617.0,123.0,0.7456647398843931,0.018588484207344717,0.8723404255319149,18.0,0.006977870409262873
2024-07-09,116.0,181.0,182.0,6651.0,130.0,1.0055248618784531,0.019545932942414676,1.1206896551724137,-14.0,0.007801903760421957
2024-07-10,150.0,157.0,201.0,6649.0,177.0,1.2802547770700636,0.02662054444277335,1.18,-27.0,0.006251833139404076
2024-07-11,80.0,176.0,125.0,6640.0,197.0,0.7102272727272727,0.02966867469879518,2.4625,-117.0,0.005750527628786853
2024-07-14,116.0,188.0,164.0,6308.0,237.0,0.8723404255319149,0.037571337983512997,2.043103448275862,-121.0,0.007079881847843787
2024-07-15,105.0,185.0,158.0,6283.0,171.0,0.8540540540540541,0.027216297946840683,1.6285714285714286,-66.0,0.006737343778420525
2024-07-16,136.0,246.0,123.0,6239.0,173.0,0.5,0.02772880269273922,1.2720588235294117,-37.0,0.006394104905374912
2024-07-17,128.0,228.0,177.0,6228.0,187.0,0.7763157894736842,0.030025690430314708,1.4609375,-59.0,0.005350279429948038
2024-07-21,90.0,196.0,205.0,6058.0,262.0,1.0459183673469388,0.04324859689666557,2.911111111111111,-172.0,0.006277506540250238
2024-07-22,102.0,189.0,155.0,6002.0,234.0,0.8201058201058201,0.03898700433188937,2.2941176470588234,-132.0,0.006341125702154286
2024-07-23,120.0,257.0,126.0,5965.0,170.0,0.490272373540856,0.028499580888516344,1.4166666666666667,-50.0,0.006472650567878507
2024-07-24,137.0,272.0,166.0,5927.0,177.0,0.6102941176470589,0.02986333727011979,1.2919708029197081,-40.0,0.006282786456828042
2024-07-25,93.0,198.0,208.0,5954.0,194.0,1.0505050505050506,0.03258313738663084,2.086021505376344,-101.0,0.005884663895558701
2024-07-28,152.0,290.0,199.0,5743.0,207.0,0.6862068965517242,0.03604387950548494,1.361842105263158,-55.0,0.005470066616726835
2024-07-29,114.0,210.0,219.0,5819.0,163.0,1.042857142857143,0.028011685856676405,1.4298245614035088,-49.0,0.005769677583451201
2024-07-30,125.0,203.0,208.0,5930.0,92.0,1.0246305418719213,0.01551433389544688,0.736,33.0,0.007527614519557372
2024-07-31,140.0,261.0,163.0,5963.0,154.0,0.6245210727969349,0.02582592654704008,1.1,-14.0,0.006455393676496613
2024-08-01,227.0,298.0,212.0,6016.0,169.0,0.7114093959731543,0.028091755319148936,0.7444933920704846,58.0,0.00645248736796515
2024-08-04,63.0,167.0,143.0,5943.0,170.0,0.8562874251497006,0.028605081608615177,2.6984126984126986,-107.0,0.006409001194244801
2024-08-05,172.0,259.0,138.0,5950.0,150.0,0.5328185328185329,0.025210084033613446,0.872093023255814,22.0,0.0060919992730534556
2024-08-06,163.0,283.0,200.0,5998.0,143.0,0.7067137809187279,0.023841280426808935,0.8773006134969326,20.0,0.004540028739300101
2024-08-07,135.0,273.0,207.0,6038.0,174.0,0.7582417582417582,0.028817489234845974,1.288888888888889,-39.0,0.004637857286435407
2024-08-08,119.0,230.0,213.0,6084.0,174.0,0.9260869565217391,0.028599605522682446,1.4621848739495797,-55.0,0.002007899714047514
2024-08-11,95.0,211.0,140.0,5894.0,249.0,0.6635071090047393,0.04224635222259925,2.6210526315789475,-154.0,0.006010897447502466
2024-08-12,109.0,219.0,155.0,5903.0,148.0,0.7077625570776256,0.025071997289513807,1.3577981651376148,-39.0,0.006220499195191151
2024-08-13,162.0,239.0,189.0,5981.0,123.0,0.7907949790794979,0.02056512288914897,0.7592592592592593,39.0,0.0069824485403560425
2024-08-14,109.0,226.0,191.0,5987.0,178.0,0.8451327433628318,0.029731084015366626,1.6330275229357798,-69.0,0.006915555651626967
2024-08-15,124.0,241.0,156.0,5895.0,220.0,0.6473029045643154,0.037319762510602206,1.7741935483870968,-96.0,0.007297214730593273
2024-08-18,86.0,244.0,235.0,5821.0,178.0,0.9631147540983607,0.030578938326747983,2.0697674418604652,-92.0,0.0072664325593407835
2024-08-19,176.0,254.0,162.0,5865.0,158.0,0.6377952755905512,0.026939471440750214,0.8977272727272727,18.0,0.007368503829226512
2024-08-20,136.0,274.0,245.0,5995.0,112.0,0.8941605839416058,0.018682235195996665,0.8235294117647058,24.0,0.006338730921425462
2024-08-21,134.0,245.0,167.0,6028.0,156.0,0.6816326530612244,0.025879230258792303,1.164179104477612,-22.0,0.006305402308238598
2024-08-22,182.0,307.0,205.0,6054.0,171.0,0.6677524429967426,0.028245787908820614,0.9395604395604396,11.0,0.005608600584275905
2024-08-27,149.0,285.0,222.0,6152.0,97.0,0.7789473684210526,0.015767230169050715,0.6510067114093959,52.0,0.0072228645019433504
2024-08-28,170.0,285.0,178.0,6227.0,134.0,0.624561403508772,0.021519190621487074,0.788235294117647,36.0,0.005410963915662
2024-08-29,145.0,295.0,188.0,6250.0,169.0,0.6372881355932203,0.02704,1.1655172413793105,-24.0,0.0048209433172751075
2024-09-02,133.0,270.0,198.0,6192.0,129.0,0.7333333333333333,0.020833333333333332,0.9699248120300752,4.0,0.004630676728344417
2024-09-03,131.0,263.0,177.0,6272.0,112.0,0.6730038022813688,0.017857142857142856,0.8549618320610687,19.0,0.004754868292469444
2024-09-04,121.0,231.0,219.0,6375.0,114.0,0.948051948051948,0.01788235294117647,0.9421487603305785,7.0,0.004753984660881674
2024-09-05,126.0,230.0,175.0,6448.0,121.0,0.7608695652173914,0.018765508684863524,0.9603174603174603,5.0,0.0036756973121276704
2024-09-08,123.0,255.0,164.0,6312.0,221.0,0.6431372549019608,0.03501267427122941,1.7967479674796747,-98.0,0.006290992217314376
2024-09-09,144.0,275.0,190.0,6353.0,141.0,0.6909090909090909,0.022194238942232016,0.9791666666666666,3.0,0.006275002198110802
2024-09-10,131.0,251.0,180.0,6396.0,148.0,0.7171314741035857,0.023139462163852407,1.1297709923664123,-17.0,0.006002800134910779
2024-09-11,93.0,248.0,175.0,6410.0,162.0,0.7056451612903226,0.02527301092043682,1.7419354838709677,-69.0,0.006063556474533424
2024-09-12,184.0,280.0,210.0,6360.0,220.0,0.75,0.03459119496855346,1.1956521739130435,-36.0,0.006984381126108349
2024-09-13,81.0,200.0,212.0,6326.0,279.0,1.06,0.0441036990199178,3.4444444444444446,-198.0,0.009081428623543773
2024-09-15,98.0,220.0,167.0,6234.0,210.0,0.759090909090909,0.03368623676612127,2.142857142857143,-112.0,0.007957238988960095
2024-09-16,113.0,209.0,160.0,6229.0,164.0,0.7655502392344498,0.026328463637823086,1.4513274336283186,-51.0,0.007930284275979131
2024-09-17,159.0,304.0,139.0,6227.0,160.0,0.45723684210526316,0.025694555965954713,1.0062893081761006,-1.0,0.007459633964401353
2024-09-18,116.0,213.0,217.0,6245.0,149.0,1.0187793427230047,0.02385908726981585,1.2844827586206897,-33.0,0.0073469672317894395
2024-09-19,93.0,196.0,169.0,6270.0,188.0,0.8622448979591837,0.029984051036682616,2.021505376344086,-95.0,0.006995153150172222
2024-09-22,124.0,234.0,161.0,5989.0,197.0,0.688034188034188,0.032893638336951074,1.5887096774193548,-73.0,0.006885679273954155
2024-09-23,92.0,203.0,173.0,6002.0,165.0,0.8522167487684729,0.02749083638787071,1.7934782608695652,-73.0,0.0037309252805293037
2024-09-24,186.0,259.0,172.0,6023.0,143.0,0.6640926640926641,0.023742321102440643,0.7688172043010753,43.0,0.003325972353265118
2024-09-25,154.0,225.0,220.0,6050.0,169.0,0.9777777777777777,0.02793388429752066,1.0974025974025974,-15.0,0.0033158728189516275
2024-09-26,91.0,199.0,172.0,6090.0,185.0,0.864321608040201,0.030377668308702793,2.032967032967033,-94.0,0.003392755731555789
2024-09-29,81.0,213.0,153.0,5925.0,177.0,0.7183098591549296,0.029873417721518986,2.185185185185185,-96.0,0.002880281532965384
2024-09-30,209.0,285.0,184.0,5967.0,138.0,0.6456140350877193,0.023127199597787834,0.6602870813397129,71.0,0.0035402769032608313
2024-10-01,184.0,314.0,217.0,6040.0,137.0,0.6910828025477707,0.022682119205298012,0.7445652173913043,47.0,0.0032403759192437764
2024-10-02,107.0,215.0,230.0,6091.0,173.0,1.069767441860465,0.028402561155803644,1.6168224299065421,-66.0,0.003306318398607131
2024-10-03,101.0,162.0,178.0,6118.0,193.0,1.0987654320987654,0.03154625694671461,1.9108910891089108,-92.0,0.0034958309558776072
2024-10-07,99.0,190.0,176.0,5968.0,153.0,0.9263157894736842,0.025636729222520107,1.5454545454545454,-54.0,0.0035777515173777887
2024-10-08,167.0,239.0,166.0,6013.0,123.0,0.694560669456067,0.02045567936138367,0.7365269461077845,44.0,0.004116198043605845
2024-10-09,115.0,216.0,169.0,6047.0,137.0,0.7824074074074074,0.022655862411112948,1.191304347826087,-22.0,0.0038692657706627708
2024-10-10,84.0,158.0,193.0,6075.0,159.0,1.2215189873417722,0.02617283950617284,1.8928571428571428,-75.0,0.0038035040943941324
2024-10-13,130.0,227.0,192.0,5889.0,210.0,0.8458149779735683,0.03565970453387672,1.6153846153846154,-80.0,0.005188677166182519
2024-10-14,88.0,214.0,160.0,5935.0,106.0,0.7476635514018691,0.017860151642796966,1.2045454545454546,-18.0,0.00621602529907058
2024-10-15,113.0,208.0,159.0,6013.0,107.0,0.7644230769230769,0.017794777981041076,0.9469026548672567,6.0,0.006237996473023353
2024-10-16,174.0,285.0,150.0,6036.0,129.0,0.5263157894736842,0.021371769383697812,0.7413793103448276,45.0,0.006231050046203179
2024-10-17,104.0,230.0,206.0,6076.0,160.0,0.8956521739130435,0.026333113890717578,1.5384615384615385,-56.0,0.006205197967511077
2024-10-20,147.0,276.0,214.0,5918.0,195.0,0.7753623188405797,0.03295032105441027,1.3265306122448979,-48.0,0.007007560788531171
2024-10-21,108.0,220.0,213.0,5966.0,154.0,0.9681818181818181,0.025812939993295342,1.4259259259259258,-46.0,0.007002683067402783
2024-10-22,180.0,280.0,146.0,6043.0,109.0,0.5214285714285715,0.018037398643058082,0.6055555555555555,71.0,0.005755018196599512
2024-10-23,134.0,294.0,186.0,6077.0,138.0,0.6326530612244898,0.022708573309198617,1.0298507462686568,-4.0,0.005325928576323544
2024-10-27,202.0,313.0,158.0,5974.0,192.0,0.5047923322683706,0.03213927017073987,0.9504950495049505,10.0,0.0054893826924634955
2024-10-28,110.0,272.0,193.0,6008.0,156.0,0.7095588235294118,0.02596537949400799,1.4181818181818182,-46.0,0.005161390698933805
2024-10-29,166.0,277.0,229.0,6106.0,126.0,0.8267148014440433,0.020635440550278415,0.7590361445783133,40.0,0.005583295701923163
2024-10-30,136.0,276.0,178.0,6149.0,160.0,0.644927536231884,0.026020491136770206,1.1764705882352942,-24.0,0.004554230295132109
2024-10-31,87.0,246.0,173.0,6148.0,177.0,0.7032520325203252,0.028789850357839947,2.0344827586206895,-90.0,0.0048306765579157725
2024-11-03,84.0,171.0,157.0,5990.0,184.0,0.9181286549707602,0.030717863105175294,2.1904761904761907,-100.0,0.004159472768461886
2024-11-04,167.0,209.0,157.0,6007.0,132.0,0.7511961722488039,0.021974363242883304,0.7904191616766467,35.0,0.004284595542090741
2024-11-05,109.0,245.0,159.0,6045.0,126.0,0.6489795918367347,0.020843672456575684,1.1559633027522935,-17.0,0.003968811728211854
2024-11-06,156.0,256.0,176.0,6086.0,137.0,0.6875,0.022510680249753532,0.8782051282051282,19.0,0.0040417881272008386
2024-11-07,125.0,232.0,192.0,6084.0,177.0,0.8275862068965517,0.029092702169625246,1.416,-52.0,0.0039575868722303564
2024-11-11,118.0,139.0,168.0,5963.0,145.0,1.20863309352518,0.024316619151433842,1.228813559322034,-27.0,0.003987384449898572
2024-11-12,142.0,235.0,139.0,5975.0,138.0,0.5914893617021276,0.02309623430962343,0.971830985915493,4.0,0.003770626508698344
2024-11-13,148.0,245.0,175.0,5966.0,151.0,0.7142857142857143,0.02531009051290647,1.0202702702702702,-3.0,0.0027309365234199083
2024-11-14,119.0,219.0,210.0,6025.0,172.0,0.958904109589041,0.028547717842323652,1.4453781512605042,-53.0,0.003075735163976074
2024-11-17,105.0,210.0,149.0,5816.0,195.0,0.7095238095238096,0.03352819807427786,1.8571428571428572,-90.0,0.003955541659863632
2024-11-18,143.0,203.0,163.0,5819.0,138.0,0.8029556650246306,0.023715415019762844,0.965034965034965,5.0,0.0037682710176712886
2024-11-19,119.0,209.0,152.0,5844.0,146.0,0.7272727272727273,0.024982888432580425,1.226890756302521,-27.0,0.0036706008653829025
2024-11-20,155.0,212.0,181.0,5879.0,148.0,0.8537735849056604,0.025174349379146112,0.9548387096774194,7.0,0.0036105352437760785
2024-11-21,109.0,214.0,173.0,5850.0,210.0,0.8084112149532711,0.035897435897435895,1.926605504587156,-101.0,0.0047560500261377685
2024-11-24,191.0,283.0,192.0,5664.0,207.0,0.6784452296819788,0.036546610169491525,1.0837696335078535,-16.0,0.005473883182880893
2024-11-25,170.0,297.0,196.0,5715.0,129.0,0.6599326599326599,0.02257217847769029,0.7588235294117647,41.0,0.006123703914012995
2024-11-26,152.0,272.0,214.0,5826.0,112.0,0.7867647058823529,0.01922416752488843,0.7368421052631579,40.0,0.0066889107104765
2024-11-27,239.0,367.0,224.0,5862.0,211.0,0.6103542234332425,0.03599454111224838,0.8828451882845189,28.0,0.00730450308174312
2024-11-28,113.0,280.0,237.0,5963.0,143.0,0.8464285714285714,0.02398121750796579,1.2654867256637168,-30.0,0.0073970254160924415
2024-12-01,196.0,306.0,187.0,5986.0,149.0,0.6111111111111112,0.02489141329769462,0.7602040816326531,47.0,0.007418867478756553
2024-12-02,236.0,330.0,222.0,6061.0,115.0,0.6727272727272727,0.018973766705164163,0.4872881355932203,121.0,0.007342243920504562
2024-12-03,81.0,230.0,242.0,6192.0,107.0,1.0521739130434782,0.01728036175710594,1.3209876543209877,-26.0,0.006274787524317788
2024-12-04,118.0,245.0,160.0,6269.0,115.0,0.6530612244897959,0.01834423353006859,0.9745762711864406,3.0,0.006551001478014142
2024-12-05,218.0,283.0,208.0,6310.0,150.0,0.734982332155477,0.02377179080824089,0.6880733944954128,68.0,0.006375472277728451
2024-12-08,132.0,243.0,183.0,6286.0,172.0,0.7530864197530864,0.02736239261851734,1.303030303030303,-40.0,0.003849791612642173
2024-12-09,224.0,315.0,152.0,6268.0,174.0,0.48253968253968255,0.027760051052967454,0.7767857142857143,50.0,0.004387197454462195
2024-12-10,167.0,326.0,213.0,6310.0,149.0,0.6533742331288344,0.023613312202852614,0.8922155688622755,18.0,0.004303004138836344
2024-12-11,209.0,353.0,232.0,6402.0,152.0,0.6572237960339944,0.023742580443611373,0.7272727272727273,57.0,0.004030982333703854
2024-12-12,153.0,253.0,286.0,6481.0,194.0,1.1304347826086956,0.02993365221416448,1.2679738562091503,-41.0,0.003803936829737421
2024-12-15,180.0,337.0,219.0,6408.0,224.0,0.6498516320474778,0.03495630461922597,1.2444444444444445,-44.0,0.0041726409622760245
2024-12-16,133.0,287.0,189.0,6454.0,149.0,0.6585365853658537,0.0230864580105361,1.1203007518796992,-16.0,0.004276135777379381
2024-12-17,187.0,310.0,247.0,6506.0,151.0,0.7967741935483871,0.02320934521979711,0.8074866310160428,36.0,0.004531592296015155
2024-12-18,168.0,285.0,210.0,6598.0,134.0,0.7368421052631579,0.020309184601394362,0.7976190476190477,34.0,0.005061724809405304
2024-12-19,269.0,412.0,204.0,6600.0,238.0,0.49514563106796117,0.036060606060606064,0.8847583643122676,31.0,0.006302272889305941
2024-12-22,100.0,255.0,236.0,6595.0,268.0,0.9254901960784314,0.04063684609552692,2.68,-168.0,0.007765285794863412
2024-12-23,205.0,294.0,177.0,6548.0,231.0,0.6020408163265306,0.03527794746487477,1.1268292682926828,-26.0,0.008044979795649429
2024-12-24,161.0,304.0,211.0,6622.0,155.0,0.694078947368421,0.023406825732407127,0.9627329192546584,6.0,0.008163434406084486
2024-12-25,57.0,162.0,193.0,6689.0,107.0,1.191358024691358,0.015996412019733893,1.8771929824561404,-50.0,0.00935183056036942
2024-12-26,80.0,122.0,152.0,6707.0,135.0,1.2459016393442623,0.020128224243327865,1.6875,-55.0,0.009673226423117935
2024-12-29,107.0,170.0,133.0,6465.0,216.0,0.7823529411764706,0.03341067285382831,2.0186915887850465,-109.0,0.009333586585493645
2024-12-30,99.0,156.0,139.0,6454.0,177.0,0.8910256410256411,0.02742485280446235,1.7878787878787878,-78.0,0.008844974641348742
2025-01-01,25.0,66.0,94.0,6405.0,144.0,1.4242424242424243,0.022482435597189696,5.76,-119.0,0.007006347795391104
2025-01-02,35.0,70.0,53.0,6292.0,170.0,0.7571428571428571,0.0270184361093452,4.857142857142857,-135.0,0.005636279036328985
2025-01-05,43.0,73.0,64.0,5882.0,185.0,0.8767123287671232,0.031451887113226794,4.3023255813953485,-142.0,0.006221535562236356
2025-01-06,41.0,60.0,71.0,5769.0,190.0,1.1833333333333333,0.03293465071936211,4.634146341463414,-149.0,0.005148717765324425
2025-01-07,65.0,83.0,65.0,5703.0,133.0,0.7831325301204819,0.02332105909170612,2.046153846153846,-68.0,0.004445505321132398
2025-01-08,38.0,80.0,82.0,5605.0,184.0,1.025,0.03282783229259589,4.842105263157895,-146.0,0.004337809320290785
2025-01-09,56.0,82.0,68.0,5507.0,164.0,0.8292682926829268,0.02978027964408934,2.9285714285714284,-108.0,0.004358176933068361
2025-01-12,74.0,103.0,80.0,5092.0,235.0,0.7766990291262136,0.04615082482325216,3.175675675675676,-161.0,0.007154653590509653
2025-01-13,68.0,107.0,102.0,5019.0,181.0,0.9532710280373832,0.03606296074915322,2.661764705882353,-113.0,0.006933863651192595
2025-01-14,92.0,124.0,93.0,4957.0,139.0,0.75,0.0280411539237442,1.5108695652173914,-47.0,0.007193665096472696
2025-01-15,113.0,162.0,107.0,4903.0,164.0,0.6604938271604939,0.033448908831327756,1.4513274336283186,-51.0,0.0071987126813746905
2025-01-16,106.0,196.0,131.0,4881.0,159.0,0.6683673469387755,0.032575291948371235,1.5,-53.0,0.005899254889743424
2025-01-19,86.0,152.0,168.0,4628.0,176.0,1.105263157894737,0.03802938634399308,2.046511627906977,-90.0,0.00603442158365121
2025-01-20,84.0,118.0,136.0,4638.0,127.0,1.152542372881356,0.02738249245364381,1.5119047619047619,-43.0,0.006426777584922665
2025-01-21,59.0,64.0,117.0,4728.0,54.0,1.828125,0.011421319796954314,0.9152542372881356,5.0,0.008890955205572565
2025-01-22,62.0,97.0,52.0,4717.0,83.0,0.5360824742268041,0.017595929616281536,1.3387096774193548,-21.0,0.009368789323964581
2025-01-23,91.0,75.0,97.0,4621.0,174.0,1.2933333333333332,0.03765418740532352,1.9120879120879122,-83.0,0.010224642978646737
2025-01-26,29.0,51.0,11.0,4241.0,182.0,0.21568627450980393,0.042914406979485974,6.275862068965517,-153.0,0.011557896770811234
2025-01-27,33.0,53.0,34.0,4161.0,127.0,0.6415094339622641,0.030521509252583512,3.8484848484848486,-94.0,0.011497267733663505
2025-01-28,32.0,49.0,39.0,4096.0,101.0,0.7959183673469388,0.024658203125,3.15625,-69.0,0.010912740807680732
2025-01-29,32.0,50.0,39.0,4036.0,99.0,0.78,0.024529236868186324,3.09375,-67.0,0.010968813147548178
2025-01-30,47.0,42.0,47.0,3923.0,159.0,1.119047619047619,0.04053020647463676,3.382978723404255,-112.0,0.009475951004895691
2025-02-02,20.0,22.0,41.0,3483.0,168.0,1.8636363636363635,0.04823428079242033,8.4,-148.0,0.009217053406024535
2025-02-03,23.0,45.0,11.0,3403.0,102.0,0.24444444444444444,0.02997355274757567,4.434782608695652,-79.0,0.009384273688065131
2025-02-04,34.0,54.0,29.0,3359.0,74.0,0.5370370370370371,0.022030366180410838,2.176470588235294,-40.0,0.00957378262507691
2025-02-05,26.0,36.0,36.0,3290.0,104.0,1.0,0.031610942249240125,4.0,-78.0,0.0095641365093004
2025-02-06,25.0,32.0,27.0,3181.0,145.0,0.84375,0.045583149952845015,5.8,-120.0,0.010258596645273982
2025-02-09,15.0,13.0,23.0,2878.0,99.0,1.7692307692307692,0.03439888811674774,6.6,-84.0,0.009267457632292293
2025-02-10,16.0,18.0,15.0,2834.0,63.0,0.8333333333333334,0.022230063514467185,3.9375,-47.0,0.010315444568067088
2025-02-11,11.0,22.0,12.0,2799.0,50.0,0.5454545454545454,0.01786352268667381,4.545454545454546,-39.0,0.009401015301218259
2025-02-12,16.0,20.0,20.0,2752.0,66.0,1.0,0.023982558139534885,4.125,-50.0,0.009579108621209004
2025-02-13,15.0,10.0,23.0,2703.0,72.0,2.3,0.026637069922308545,4.8,-57.0,0.009233168799340406
2025-02-17,8.0,17.0,14.0,2532.0,15.0,0.8235294117647058,0.005924170616113744,1.875,-7.0,0.012502231945417277
2025-02-18,18.0,19.0,11.0,2536.0,9.0,0.5789473684210527,0.003548895899053628,0.5,9.0,0.01111572710978393
2025-02-19,12.0,17.0,17.0,2528.0,19.0,1.0,0.007515822784810127,1.5833333333333333,-7.0,0.00953108640606699
2025-02-20,13.0,25.0,15.0,2520.0,32.0,0.6,0.012698412698412698,2.4615384615384617,-19.0,0.009059552426562121
2025-02-23,7.0,16.0,8.0,2423.0,35.0,0.5,0.014444903012794058,5.0,-28.0,0.008908993544327178
2025-02-24,20.0,22.0,14.0,2413.0,24.0,0.6363636363636364,0.009946125155408206,1.2,-4.0,0.00765757826458132
2025-02-25,11.0,7.0,7.0,2413.0,23.0,1.0,0.009531703273932863,2.090909090909091,-12.0,0.003782150354862218
2025-02-26,12.0,21.0,1.0,2411.0,23.0,0.047619047619047616,0.00953961012028204,1.9166666666666667,-11.0,0.0035157010506579683
2025-02-27,10.0,15.0,17.0,2391.0,37.0,1.1333333333333333,0.01547469677959013,3.7,-27.0,0.0029340674496655074
2025-03-02,12.0,24.0,4.0,2297.0,31.0,0.16666666666666666,0.013495864170657379,2.5833333333333335,-19.0,0.0024818685223595488
2025-03-03,8.0,29.0,18.0,2287.0,25.0,0.6206896551724138,0.010931351114997814,3.125,-17.0,0.0025078994666728055
2025-03-04,4.0,25.0,10.0,2272.0,30.0,0.4,0.013204225352112676,7.5,-26.0,0.0023368322619599304
2025-03-05,5.0,20.0,4.0,2238.0,40.0,0.2,0.017873100983020553,8.0,-35.0,0.003117497294273659
2025-03-06,7.0,27.0,6.0,2218.0,33.0,0.2222222222222222,0.014878268710550046,4.714285714285714,-26.0,0.0028041111149285985
2025-03-09,12.0,25.0,15.0,2137.0,30.0,0.6,0.014038371548900327,2.5,-18.0,0.002150155301015469
2025-03-10,6.0,28.0,8.0,2125.0,23.0,0.2857142857142857,0.010823529411764706,3.8333333333333335,-17.0,0.0024180985842288355
2025-03-11,3.0,11.0,7.0,2116.0,20.0,0.6363636363636364,0.00945179584120983,6.666666666666667,-17.0,0.002886614629214986
2025-03-12,6.0,18.0,2.0,2113.0,8.0,0.1111111111111111,0.003786086133459536,1.3333333333333333,-2.0,0.004541076112933821
2025-03-13,4.0,20.0,9.0,2116.0,6.0,0.45,0.002835538752362949,1.5,-2.0,0.005643151572072619
2025-03-16,1.0,9.0,8.0,2117.0,5.0,0.8888888888888888,0.0023618327822390174,5.0,-4.0,0.00531341280747265
2025-03-17,5.0,14.0,0.0,2111.0,8.0,0.0,0.0037896731406916154,1.6,-3.0,0.004639275047161659
2025-03-18,19.0,34.0,6.0,2109.0,8.0,0.17647058823529413,0.003793266951161688,0.42105263157894735,11.0,0.0033982083278379024
2025-03-19,6.0,22.0,14.0,2119.0,9.0,0.6363636363636364,0.004247286455875413,1.5,-3.0,0.002353094608365191
2025-03-20,9.0,20.0,11.0,2124.0,7.0,0.55,0.003295668549905838,0.7777777777777778,2.0,0.0006541001848578675
2025-03-23,15.0,29.0,9.0,2136.0,2.0,0.3103448275862069,0.0009363295880149813,0.13333333333333333,13.0,0.0011239374847200722
2025-03-24,7.0,13.0,11.0,2139.0,7.0,0.8461538461538461,0.0032725572697522207,1.0,0.0,0.001123013458444425
2025-03-25,12.0,19.0,7.0,2145.0,6.0,0.3684210526315789,0.002797202797202797,0.5,6.0,0.0010868220967093453
2025-03-26,9.0,21.0,15.0,2159.0,2.0,0.7142857142857143,0.0009263547938860583,0.2222222222222222,7.0,0.0013240313099026424
2025-03-27,1.0,19.0,13.0,2159.0,2.0,0.6842105263157895,0.0009263547938860583,2.0,-1.0,0.001390248779740843
2025-03-30,9.0,20.0,5.0,2188.0,2.0,0.25,0.0009140767824497258,0.2222222222222222,7.0,0.0011850315860897091
2025-03-31,9.0,25.0,8.0,2193.0,5.0,0.32,0.002279981760145919,0.5555555555555556,4.0,0.001033420926656049
2025-04-01,17.0,36.0,7.0,2191.0,12.0,0.19444444444444445,0.005476951163852123,0.7058823529411765,5.0,0.001680589892538944
2025-04-02,5.0,31.0,16.0,2208.0,3.0,0.5161290322580645,0.001358695652173913,0.6,2.0,0.001664985342432182
2025-04-03,12.0,26.0,18.0,2223.0,8.0,0.6923076923076923,0.003598740440845704,0.6666666666666666,4.0,0.001746714806764431
2025-04-06,7.0,14.0,7.0,2234.0,11.0,0.5,0.004923903312444047,1.5714285714285714,-4.0,0.0019029778076944785
2025-04-07,12.0,22.0,9.0,2237.0,5.0,0.4090909090909091,0.002235136343316942,0.4166666666666667,7.0,0.0017481956256863024
2025-04-08,12.0,34.0,12.0,2243.0,9.0,0.35294117647058826,0.004012483281319661,0.75,3.0,0.0015181051069166833
2025-04-09,6.0,19.0,10.0,2251.0,5.0,0.5263157894736842,0.002221235006663705,0.8333333333333334,1.0,0.001525551998351985
2025-04-10,18.0,25.0,17.0,2265.0,6.0,0.68,0.0026490066225165563,0.3333333333333333,12.0,0.0012310959897713154
2025-04-11,8.0,22.0,8.0,2267.0,9.0,0.36363636363636365,0.003970004411116012,1.125,-1.0,0.0010301355608592102
2025-04-13,5.0,26.0,10.0,2283.0,3.0,0.38461538461538464,0.001314060446780552,0.6,2.0,0.0012786287161455365
2025-04-14,5.0,26.0,9.0,2282.0,13.0,0.34615384615384615,0.0056967572304995615,2.6,-8.0,0.0014845407137843735
2025-04-15,4.0,19.0,12.0,2286.0,7.0,0.631578947368421,0.0030621172353455816,1.75,-3.0,0.0014308920361572788
2025-04-16,11.0,30.0,5.0,2291.0,8.0,0.16666666666666666,0.003491924923614142,0.7272727272727273,3.0,0.0013993614119374076
2025-04-17,7.0,26.0,10.0,2288.0,14.0,0.38461538461538464,0.006118881118881119,2.0,-7.0,0.0016899329000016473
2025-04-20,4.0,15.0,6.0,2305.0,4.0,0.4,0.0017353579175704988,1.0,0.0,0.001820089534760881
2025-04-21,10.0,25.0,5.0,2308.0,6.0,0.2,0.0025996533795493936,0.6,4.0,0.0018504917808318839
2025-04-22,7.0,19.0,14.0,2305.0,17.0,0.7368421052631579,0.00737527114967462,2.4285714285714284,-10.0,0.0020964414803659294
2025-04-23,3.0,23.0,4.0,2300.0,11.0,0.17391304347826086,0.004782608695652174,3.6666666666666665,-8.0,0.0020218707186082066
2025-04-24,3.0,9.0,7.0,2294.0,13.0,0.7777777777777778,0.005666957279860506,4.333333333333333,-10.0,0.002024431231907036
2025-04-27,9.0,40.0,12.0,2301.0,4.0,0.3,0.001738374619730552,0.4444444444444444,5.0,0.0022692368424168594
2025-04-28,6.0,26.0,12.0,2307.0,8.0,0.46153846153846156,0.0034677069787602947,1.3333333333333333,-2.0,0.0021297144939565566
2025-04-29,11.0,25.0,11.0,2304.0,15.0,0.44,0.006510416666666667,1.3636363636363635,-4.0,0.002081483525321657
2025-04-30,7.0,34.0,9.0,2309.0,12.0,0.2647058823529412,0.00519705500216544,1.7142857142857142,-5.0,0.00188990908723094
2025-05-01,13.0,32.0,14.0,2306.0,16.0,0.4375,0.006938421509106678,1.2307692307692308,-3.0,0.001802137062654389
2025-05-04,9.0,31.0,10.0,2335.0,5.0,0.3225806451612903,0.0021413276231263384,0.5555555555555556,4.0,0.0020851546537071397
2025-05-05,15.0,44.0,20.0,2331.0,17.0,0.45454545454545453,0.007293007293007293,1.1333333333333333,-2.0,0.0023120750370007465
2025-05-06,10.0,33.0,16.0,2339.0,16.0,0.48484848484848486,0.006840530141085934,1.6,-6.0,0.0019833804508572173
2025-05-07,10.0,30.0,15.0,2335.0,10.0,0.5,0.004282655246252677,1.0,0.0,0.001865725693735612
2025-05-08,15.0,24.0,16.0,2361.0,11.0,0.6666666666666666,0.004659042778483694,0.7333333333333333,4.0,0.0018463606879896527
2025-05-11,15.0,20.0,12.0,2385.0,3.0,0.6,0.0012578616352201257,0.2,12.0,0.002410030736832696
2025-05-12,7.0,33.0,14.0,2392.0,7.0,0.42424242424242425,0.002926421404682274,1.0,0.0,0.0022830154821990934
2025-05-13,18.0,29.0,12.0,2394.0,11.0,0.41379310344827586,0.004594820384294068,0.6111111111111112,7.0,0.0020948416617594034
2025-05-14,7.0,30.0,14.0,2394.0,11.0,0.4666666666666667,0.004594820384294068,1.5714285714285714,-4.0,0.0017210173301699823
2025-05-15,15.0,31.0,14.0,2410.0,14.0,0.45161290322580644,0.005809128630705394,0.9333333333333333,1.0,0.001481242210997445
2025-05-18,13.0,28.0,14.0,2437.0,9.0,0.5,0.0036930652441526466,0.6923076923076923,4.0,0.001480435811442848
2025-05-19,7.0,27.0,17.0,2457.0,6.0,0.6296296296296297,0.002442002442002442,0.8571428571428571,1.0,0.0015354983465736885
2025-05-21,14.0,62.0,13.0,2467.0,18.0,0.20967741935483872,0.007296311309282529,1.2857142857142858,-4.0,0.0016788321772556933
2025-05-22,18.0,36.0,17.0,2473.0,15.0,0.4722222222222222,0.00606550748079256,0.8333333333333334,3.0,0.0016127861190945564
2025-05-27,6.0,24.0,7.0,2504.0,11.0,0.2916666666666667,0.00439297124600639,1.8333333333333333,-5.0,0.0016215158145823797
2025-05-28,12.0,39.0,12.0,2499.0,14.0,0.3076923076923077,0.0056022408963585435,1.1666666666666667,-2.0,0.0016346603306265067
2025-05-29,13.0,38.0,15.0,2506.0,11.0,0.39473684210526316,0.004389465283320032,0.8461538461538461,2.0,0.0016116767939230077
2025-06-01,8.0,24.0,16.0,2528.0,12.0,0.6666666666666666,0.004746835443037975,1.5,-4.0,0.0015340104782030082
2025-06-02,10.0,19.0,5.0,2518.0,16.0,0.2631578947368421,0.006354249404289118,1.6,-6.0,0.0011026880945423031
2025-06-03,5.0,23.0,11.0,2519.0,15.0,0.4782608695652174,0.0059547439460103215,3.0,-10.0,0.000831835197276848
2025-06-04,4.0,16.0,9.0,2516.0,16.0,0.5625,0.006359300476947536,4.0,-12.0,0.0008795266543769343
2025-06-05,8.0,26.0,5.0,2503.0,21.0,0.19230769230769232,0.008389932081502197,2.625,-13.0,0.0013092598565517383
2025-06-08,10.0,16.0,15.0,2507.0,13.0,0.9375,0.005185480654168329,1.3,-3.0,0.0013379826349451175
2025-06-09,8.0,21.0,14.0,2516.0,9.0,0.6666666666666666,0.003577106518282989,1.125,-1.0,0.0015154536628747346
2025-06-10,17.0,28.0,7.0,2511.0,12.0,0.25,0.0047789725209080045,0.7058823529411765,5.0,0.0015117919756165116
2025-06-17,7.0,24.0,10.0,2523.0,14.0,0.4166666666666667,0.005548949663099485,2.0,-7.0,0.0014931080811263619
2025-06-19,8.0,19.0,7.0,2501.0,18.0,0.3684210526315789,0.007197121151539384,2.25,-10.0,0.0016005031174233684
2025-06-22,7.0,13.0,5.0,2508.0,7.0,0.38461538461538464,0.0027910685805422647,1.0,0.0,0.0019466636112604875
2025-06-23,3.0,15.0,5.0,2495.0,17.0,0.3333333333333333,0.006813627254509018,5.666666666666667,-14.0,0.0015964252529438452
2025-06-24,5.0,20.0,5.0,2489.0,16.0,0.25,0.0064282844515869825,3.2,-11.0,0.0016713033843219526
2025-06-25,6.0,12.0,2.0,2470.0,24.0,0.16666666666666666,0.009716599190283401,4.0,-18.0,0.002154496309278248
2025-06-26,3.0,9.0,7.0,2447.0,35.0,0.7777777777777778,0.014303228442991417,11.666666666666666,-32.0,0.003625753206656217
2025-06-29,5.0,17.0,7.0,2413.0,20.0,0.4117647058823529,0.008288437629506838,4.0,-15.0,0.0035210203367376973
2025-06-30,9.0,22.0,8.0,2407.0,16.0,0.36363636363636365,0.006647278770253427,1.7777777777777777,-7.0,0.003546242951900145
2025-07-01,7.0,14.0,6.0,2391.0,22.0,0.42857142857142855,0.009201171058134672,3.142857142857143,-15.0,0.0027612629551210664
2025-07-02,8.0,20.0,9.0,2373.0,38.0,0.45,0.016013485040033713,4.75,-30.0,0.003703025548884371
2025-07-06,4.0,17.0,2.0,2332.0,8.0,0.11764705882352941,0.003430531732418525,2.0,-4.0,0.0043186410748016525
2025-07-07,3.0,18.0,8.0,2317.0,20.0,0.4444444444444444,0.008631851532153647,6.666666666666667,-17.0,0.004335584960247996
2025-07-08,5.0,16.0,8.0,2306.0,20.0,0.5,0.008673026886383347,4.0,-15.0,0.003783603278216339
2025-07-09,2.0,18.0,0.0,2281.0,32.0,0.0,0.014028934677772907,16.0,-30.0,0.004270788121982118
2025-07-10,2.0,12.0,3.0,2252.0,39.0,0.25,0.017317939609236235,19.5,-37.0,0.004928975698996504
2025-07-13,1.0,13.0,4.0,2204.0,10.0,0.3076923076923077,0.004537205081669692,10.0,-9.0,0.0055013471319481115
2025-07-14,2.0,9.0,1.0,2181.0,26.0,0.1111111111111111,0.01192113709307657,13.0,-24.0,0.004996728914176572
2025-07-15,0.0,8.0,5.0,2171.0,17.0,0.625,0.00783049286043298,0,-17.0,0.004289941844277798
2025-07-16,1.0,9.0,0.0,2164.0,11.0,0.0,0.005083179297597043,11.0,-10.0,0.004724181969454545
2025-07-17,3.0,16.0,2.0,2153.0,17.0,0.125,0.007895959126799815,5.666666666666667,-14.0,0.0047671136176515765
2025-07-21,4.0,18.0,7.0,2121.0,16.0,0.3888888888888889,0.007543611504007544,4.0,-12.0,0.004426786984303719
2025-07-22,5.0,13.0,3.0,2117.0,16.0,0.23076923076923078,0.007557864903164856,3.2,-11.0,0.0023956367956535127
2025-07-23,6.0,21.0,5.0,2111.0,14.0,0.23809523809523808,0.006631927996210327,2.3333333333333335,-8.0,0.0020760998985806228
2025-07-24,6.0,18.0,7.0,2096.0,29.0,0.3888888888888889,0.01383587786259542,4.833333333333333,-23.0,0.0027343419299322323
2025-07-27,1.0,12.0,2.0,2088.0,4.0,0.16666666666666666,0.0019157088122605363,4.0,-3.0,0.0035937944617349467
2025-07-28,2.0,9.0,3.0,2080.0,14.0,0.3333333333333333,0.006730769230769231,7.0,-12.0,0.003483614451499195
2025-07-29,2.0,8.0,3.0,2072.0,12.0,0.375,0.005791505791505791,6.0,-10.0,0.003528678919384519
2025-07-30,4.0,15.0,4.0,2063.0,16.0,0.26666666666666666,0.007755695588948134,4.0,-12.0,0.0035335900168111316
2025-07-31,2.0,9.0,6.0,2058.0,15.0,0.6666666666666666,0.007288629737609329,7.5,-13.0,0.0035301814554083593
2025-08-03,5.0,26.0,3.0,2049.0,5.0,0.11538461538461539,0.002440214738897023,1.0,0.0,0.0039593154721930795
2025-08-04,5.0,22.0,11.0,2040.0,14.0,0.5,0.006862745098039216,2.8,-9.0,0.002378445056931254
2025-08-05,2.0,21.0,10.0,2042.0,14.0,0.47619047619047616,0.0068560235063663075,7.0,-12.0,0.0017815876134732807
2025-08-06,4.0,17.0,3.0,2036.0,13.0,0.17647058823529413,0.0063850687622789785,3.25,-9.0,0.0017706847422959986
2025-08-07,4.0,18.0,6.0,2031.0,17.0,0.3333333333333333,0.008370260955194485,4.25,-13.0,0.0019330432282237285
2025-08-10,0.0,18.0,8.0,2006.0,12.0,0.4444444444444444,0.005982053838484547,0,-12.0,0.0018661212010592152
2025-08-11,6.0,23.0,4.0,1999.0,16.0,0.17391304347826086,0.0080040020010005,2.6666666666666665,-10.0,0.0019463728331539252
2025-08-12,8.0,38.0,9.0,1999.0,9.0,0.23684210526315788,0.004502251125562781,1.125,-1.0,0.0012900383924033289
2025-08-13,6.0,22.0,12.0,1997.0,17.0,0.5454545454545454,0.008512769153730596,2.8333333333333335,-11.0,0.0014621035294395156
2025-08-14,3.0,27.0,4.0,1994.0,11.0,0.14814814814814814,0.005516549648946841,3.6666666666666665,-8.0,0.0015600073332030094
2025-08-17,4.0,14.0,2.0,1991.0,3.0,0.14285714285714285,0.0015067805123053742,0.75,1.0,0.0025361465997036665
2025-08-18,4.0,20.0,6.0,1985.0,14.0,0.3,0.007052896725440806,3.5,-10.0,0.002379892135770197
2025-08-19,5.0,35.0,3.0,1980.0,11.0,0.08571428571428572,0.005555555555555556,2.2,-6.0,0.0023819496801850996
2025-08-20,10.0,38.0,10.0,1983.0,10.0,0.2631578947368421,0.005042864346949067,1.0,0.0,0.0021812877918667784
2025-08-21,6.0,49.0,8.0,1972.0,21.0,0.16326530612244897,0.010649087221095335,3.5,-15.0,0.002889382197509978
2025-08-24,4.0,21.0,5.0,1981.0,5.0,0.23809523809523808,0.002523977788995457,1.25,-1.0,0.0029966272151965355
2025-08-25,8.0,30.0,8.0,1980.0,11.0,0.26666666666666666,0.005555555555555556,1.375,-3.0,0.002996901528621297
2025-08-26,10.0,21.0,20.0,1989.0,15.0,0.9523809523809523,0.007541478129713424,1.5,-5.0,0.002515460655717646
2025-08-27,5.0,19.0,9.0,1988.0,19.0,0.47368421052631576,0.009557344064386318,3.8,-14.0,0.002805959179542444
2025-08-28,8.0,33.0,6.0,1984.0,17.0,0.18181818181818182,0.008568548387096774,2.125,-9.0,0.0028441006170712995
2025-09-01,10.0,29.0,17.0,2010.0,5.0,0.5862068965517241,0.0024875621890547263,0.5,5.0,0.003277518669213992
2025-09-02,6.0,35.0,9.0,2020.0,9.0,0.2571428571428571,0.004455445544554455,1.5,-3.0,0.0028397837752849133
2025-09-03,4.0,29.0,11.0,2019.0,10.0,0.3793103448275862,0.004952947003467063,2.5,-6.0,0.0024988720474928847
2025-09-04,11.0,40.0,2.0,2015.0,14.0,0.05,0.006947890818858561,1.2727272727272727,-3.0,0.002498169016707257
2025-09-07,4.0,19.0,9.0,2026.0,7.0,0.47368421052631576,0.0034550839091806516,1.75,-3.0,0.0026486463586813907
2025-09-08,7.0,25.0,5.0,2025.0,6.0,0.2,0.002962962962962963,0.8571428571428571,1.0,0.0022166336839171707
2025-09-09,18.0,42.0,11.0,2023.0,14.0,0.2619047619047619,0.006920415224913495,0.7777777777777778,4.0,0.0018025656527507308
2025-09-10,10.0,47.0,14.0,2025.0,18.0,0.2978723404255319,0.008888888888888889,1.8,-8.0,0.0021449994416996034
2025-09-11,12.0,38.0,29.0,2047.0,6.0,0.7631578947368421,0.0029311187103077674,0.5,6.0,0.0023387560224929485
2025-09-14,7.0,39.0,13.0,2083.0,5.0,0.3333333333333333,0.002400384061449832,0.7142857142857143,2.0,0.0025866816332857563
2025-09-15,9.0,47.0,10.0,2086.0,10.0,0.2127659574468085,0.004793863854266539,1.1111111111111112,-1.0,0.0024299295001165393
2025-09-16,7.0,28.0,17.0,2095.0,12.0,0.6071428571428571,0.005727923627684964,1.7142857142857142,-5.0,0.0023997076015444896
2025-09-17,7.0,38.0,5.0,2096.0,13.0,0.13157894736842105,0.006202290076335878,1.8571428571428572,-6.0,0.002261823807188766
2025-09-18,20.0,52.0,11.0,2096.0,14.0,0.21153846153846154,0.006679389312977099,0.7,6.0,0.0022366800298045837
2025-09-21,8.0,35.0,13.0,2134.0,5.0,0.37142857142857144,0.0023430178069353325,0.625,3.0,0.0018591479844674936
2025-09-22,17.0,40.0,14.0,2141.0,10.0,0.35,0.004670714619336758,0.5882352941176471,7.0,0.0017360770303814544
2025-09-23,11.0,36.0,10.0,2145.0,15.0,0.2777777777777778,0.006993006993006993,1.3636363636363635,-4.0,0.001588941172478091
2025-09-24,3.0,38.0,12.0,2138.0,17.0,0.3157894736842105,0.007951356407857811,5.666666666666667,-14.0,0.001835657023782529
2025-09-25,6.0,35.0,12.0,2132.0,18.0,0.34285714285714286,0.008442776735459663,3.0,-12.0,0.002088421694193469
2025-09-28,11.0,29.0,12.0,2146.0,9.0,0.41379310344827586,0.004193849021435228,0.8181818181818182,2.0,0.0022192344366002547
2025-09-29,8.0,35.0,12.0,2148.0,13.0,0.34285714285714286,0.006052141527001862,1.625,-5.0,0.002194875200944
2025-09-30,8.0,32.0,12.0,2159.0,7.0,0.375,0.003242241778601204,0.875,1.0,0.0019735209304275144
2025-10-01,4.0,33.0,12.0,2163.0,14.0,0.36363636363636365,0.006472491909385114,3.5,-10.0,0.001897140741299829
2025-10-02,20.0,51.0,15.0,2164.0,16.0,0.29411764705882354,0.0073937153419593345,0.8,4.0,0.0019310612333057109
2025-10-05,8.0,28.0,13.0,2180.0,16.0,0.4642857142857143,0.007339449541284404,2.0,-8.0,0.0018534891449807174
2025-10-06,5.0,33.0,15.0,2187.0,10.0,0.45454545454545453,0.004572473708276178,2.0,-5.0,0.0016227671359891848
2025-10-07,11.0,45.0,4.0,2189.0,10.0,0.08888888888888889,0.0045682960255824575,0.9090909090909091,1.0,0.0015737567412934161
2025-10-08,8.0,49.0,15.0,2192.0,17.0,0.30612244897959184,0.007755474452554745,2.125,-9.0,0.001764128437321183
2025-10-09,11.0,55.0,13.0,2192.0,12.0,0.23636363636363636,0.005474452554744526,1.0909090909090908,-1.0,0.0013571004651625538
2025-10-13,8.0,24.0,7.0,2223.0,6.0,0.2916666666666667,0.002699055330634278,0.75,2.0,0.001888063612126597
2025-10-14,7.0,30.0,16.0,2235.0,8.0,0.5333333333333333,0.0035794183445190158,1.1428571428571428,-1.0,0.0018633612237774525
2025-10-15,8.0,29.0,10.0,2225.0,15.0,0.3448275862068966,0.006741573033707865,1.875,-7.0,0.0017564431620067582
2025-10-16,9.0,33.0,15.0,2233.0,9.0,0.45454545454545453,0.004030452306314375,1.0,0.0,0.0017928720763041805
2025-10-19,9.0,34.0,17.0,2237.0,7.0,0.5,0.0031291908806437194,0.7777777777777778,2.0,0.0019253501075827935
2025-10-20,10.0,39.0,6.0,2243.0,7.0,0.15384615384615385,0.003120820329915292,0.7,3.0,0.0014722984539178152
2025-10-21,13.0,39.0,17.0,2251.0,9.0,0.4358974358974359,0.003998223011994669,0.6923076923076923,4.0,0.0013445885984451629
2025-10-22,12.0,42.0,13.0,2261.0,12.0,0.30952380952380953,0.005307386112339673,1.0,0.0,0.0013175108995342431
2025-10-23,4.0,27.0,26.0,2266.0,18.0,0.9629629629629629,0.00794351279788173,4.5,-14.0,0.0018570032383657664
2025-10-26,4.0,35.0,12.0,2276.0,10.0,0.34285714285714286,0.004393673110720563,2.5,-6.0,0.0016707720258665897
2025-10-27,2.0,31.0,8.0,2282.0,11.0,0.25806451612903225,0.004820333041191937,5.5,-9.0,0.0016556147846900693
2025-10-28,6.0,22.0,11.0,2286.0,6.0,0.5,0.0026246719160104987,1.0,0.0,0.001742728169622522
2025-10-29,6.0,25.0,4.0,2280.0,17.0,0.16,0.007456140350877193,2.8333333333333335,-11.0,0.0018928152058725375
2025-10-30,3.0,17.0,14.0,2287.0,12.0,0.8235294117647058,0.005247048535198951,4.0,-9.0,0.0018156857321293982
2025-11-02,5.0,21.0,10.0,2277.0,7.0,0.47619047619047616,0.0030742204655248135,1.4,-2.0,0.0020192371814770297
2025-11-03,3.0,28.0,5.0,2269.0,12.0,0.17857142857142858,0.005288673424416042,4.0,-9.0,0.0015969015233183888
2025-11-04,6.0,33.0,6.0,2270.0,8.0,0.18181818181818182,0.003524229074889868,1.3333333333333333,-2.0,0.001657425724381784
2025-11-05,8.0,41.0,8.0,2272.0,7.0,0.1951219512195122,0.0030809859154929575,0.875,1.0,0.001742947082905733
2025-11-06,6.0,33.0,9.0,2264.0,19.0,0.2727272727272727,0.008392226148409895,3.1666666666666665,-13.0,0.002124921464537558
2025-11-09,11.0,33.0,5.0,2294.0,4.0,0.15151515151515152,0.0017436791630340018,0.36363636363636365,7.0,0.002188485542986373
2025-11-11,11.0,39.0,12.0,2294.0,14.0,0.3076923076923077,0.006102877070619006,1.2727272727272727,-3.0,0.002270251583868691
2025-11-12,14.0,48.0,20.0,2302.0,7.0,0.4166666666666667,0.0030408340573414424,0.5,7.0,0.002273676035961784
2025-11-13,6.0,26.0,16.0,2317.0,5.0,0.6153846153846154,0.0021579628830384117,0.8333333333333334,1.0,0.00238706617408825
2025-11-16,5.0,22.0,3.0,2340.0,5.0,0.13636363636363635,0.002136752136752137,1.0,0.0,0.0024891697267286576
2025-11-17,1.0,35.0,6.0,2343.0,8.0,0.17142857142857143,0.0034144259496372174,8.0,-7.0,0.002476096675484939
2025-11-18,2.0,38.0,8.0,2345.0,12.0,0.21052631578947367,0.00511727078891258,6.0,-10.0,0.0016464385979858087
2025-11-19,7.0,32.0,3.0,2340.0,10.0,0.09375,0.004273504273504274,1.4285714285714286,-3.0,0.001496227922126762
2025-11-20,18.0,57.0,8.0,2340.0,9.0,0.14035087719298245,0.0038461538461538464,0.5,9.0,0.001093446473225436
2025-11-23,3.0,46.0,22.0,2375.0,1.0,0.4782608695652174,0.0004210526315789474,0.3333333333333333,2.0,0.0015852608987303573
2025-11-24,9.0,40.0,9.0,2371.0,13.0,0.225,0.005482918599746942,1.4444444444444444,-4.0,0.001760969254823721
2025-11-25,6.0,47.0,14.0,2375.0,11.0,0.2978723404255319,0.0046315789473684215,1.8333333333333333,-5.0,0.0016833509148087406
2025-11-27,4.0,24.0,8.0,2389.0,7.0,0.3333333333333333,0.0029300962745918793,1.75,-3.0,0.0017155073143861022
2025-11-30,4.0,18.0,10.0,2415.0,0.0,0.5555555555555556,0.0,0.0,4.0,0.002112330464763083
2025-12-01,4.0,26.0,4.0,2410.0,9.0,0.15384615384615385,0.0037344398340248964,2.25,-5.0,0.0020711455544188116
2025-12-02,7.0,34.0,6.0,2407.0,8.0,0.17647058823529413,0.0033236393851267137,1.1428571428571428,-1.0,0.002045096969847218
2025-12-03,4.0,32.0,8.0,2419.0,7.0,0.25,0.0028937577511368336,1.75,-3.0,0.001728094425382907
2025-12-04,16.0,39.0,7.0,2418.0,13.0,0.1794871794871795,0.005376344086021506,0.8125,3.0,0.001705831026758412
2025-12-07,4.0,24.0,13.0,2429.0,12.0,0.5416666666666666,0.004940304652120214,3.0,-8.0,0.0017503130240115186
2025-12-08,9.0,27.0,9.0,2440.0,4.0,0.3333333333333333,0.001639344262295082,0.4444444444444444,5.0,0.0018619377301835685
2025-12-09,4.0,30.0,7.0,2443.0,8.0,0.23333333333333334,0.003274662300450266,2.0,-4.0,0.001257975489746594
2025-12-10,10.0,54.0,5.0,2439.0,9.0,0.09259259259259259,0.0036900369003690036,0.9,1.0,0.0012572816442945605
2025-12-11,7.0,47.0,9.0,2437.0,10.0,0.19148936170212766,0.004103405826836274,1.4285714285714286,-3.0,0.0012641542557603554
2025-12-14,8.0,35.0,4.0,2462.0,8.0,0.11428571428571428,0.003249390739236393,1.0,0.0,0.0012329947207893389
2025-12-15,11.0,42.0,9.0,2470.0,7.0,0.21428571428571427,0.002834008097165992,0.6363636363636364,4.0,0.001033554594349068
2025-12-16,8.0,54.0,15.0,2468.0,9.0,0.2777777777777778,0.003646677471636953,1.125,-1.0,0.0007992922032361448
2025-12-17,7.0,31.0,11.0,2481.0,10.0,0.3548387096774194,0.004030632809351068,1.4285714285714286,-3.0,0.000455517989926908
2025-12-18,11.0,50.0,6.0,2472.0,16.0,0.12,0.006472491909385114,1.4545454545454546,-5.0,0.001173925840587076
2025-12-21,6.0,18.0,11.0,2484.0,14.0,0.6111111111111112,0.005636070853462158,2.3333333333333335,-8.0,0.0013097990256675715
,0.0,0.0,0.0,0.0,0.0,0,0,0,0.0,0.002089262185451062
,0.0,0.0,0.0,0.0,0.0,0,0,0,0.0,0.0025212483476790572
,0.0,0.0,0.0,0.0,0.0,0,0,0,0.0,0.002807041117783581
,0.0,0.0,0.0,0.0,0.0,0,0,0,0.0,0.0029634981559968077
,0.0,0.0,0.0,0.0,0.0,0,0,0,0.0,0.002964037750764449
,0.0,0.0,0.0,0.0,0.0,0,0,0,0.0,0.002130234549970839
,0.0,0.0,0.0,0.0,0.0,0,0,0,0.0,0.0
,0.0,0.0,0.0,0.0,0.0,0,0,0,0.0,0.0
,0.0,0.0,0.0,0.0,0.0,0,0,0,0.0,0.0
,0.0,0.0,0.0,0.0,0.0,0,0,0,0.0,0.0
,0.0,0.0,0.0,0.0,0.0,0,0,0,0.0,0.0
,0.0,0.0,0.0,0.0,0.0,0,0,0,0.0,0.0
,0.0,0.0,0.0,0.0,0.0,0,0,0,0.0,0.0
,0.0,0.0,0.0,0.0,0.0,0,0,0,0.0,0.0
,0.0,0.0,0.0,0.0,0.0,0,0,0,0.0,0.0
,0.0,0.0,0.0,0.0,0.0,0,0,0,0.0,0.0
,0.0,0.0,0.0,0.0,0.0,0,0,0,0.0,0.0
,0.0,0.0,0.0,0.0,0.0,0,0,0,0.0,0.0
,0.0,0.0,0.0,0.0,0.0,0,0,0,0.0,0.0
,0.0,0.0,0.0,0.0,0.0,0,0,0,0.0,0.0
,0.0,0.0,0.0,0.0,0.0,0,0,0,0.0,0.0
,0.0,0.0,0.0,0.0,0.0,0,0,0,0.0,0.0
,0.0,0.0,0.0,0.0,0.0,0,0,0,0.0,0.0
,0.0,0.0,0.0,0.0,0.0,0,0,0,0.0,0.0
,0.0,0.0,0.0,0.0,0.0,0,0,0,0.0,0.0
,0.0,0.0,0.0,0.0,0.0,0,0,0,0.0,0.0
,0.0,0.0,0.0,0.0,0.0,0,0,0,0.0,0.0
,0.0,0.0,0.0,0.0,0.0,0,0,0,0.0,0.0
,0.0,0.0,0.0,0.0,0.0,0,0,0,0.0,0.0
,0.0,0.0,0.0,0.0,0.0,0,0,0,0.0,0.0
,0.0,0.0,0.0,0.0,0.0,0,0,0,0.0,0.0
,0.0,0.0,0.0,0.0,0.0,0,0,0,0.0,0.0
,0.0,0.0,0.0,0.0,0.0,0,0,0,0.0,0.0
,0.0,0.0,0.0,0.0,0.0,0,0,0,0.0,0.0
,0.0,0.0,0.0,0.0,0.0,0,0,0,0.0,0.0
,0.0,0.0,0.0,0.0,0.0,0,0,0,0.0,0.0
,0.0,0.0,0.0,0.0,0.0,0,0,0,0.0,0.0
,0.0,0.0,0.0,0.0,0.0,0,0,0,0.0,0.0
,0.0,0.0,0.0,0.0,0.0,0,0,0,0.0,0.0
,0.0,0.0,0.0,0.0,0.0,0,0,0,0.0,0.0
,0.0,0.0,0.0,0.0,0.0,0,0,0,0.0,0.0
,0.0,0.0,0.0,0.0,0.0,0,0,0,0.0,0.0
,0.0,0.0,0.0,0.0,0.0,0,0,0,0.0,0.0
,0.0,0.0,0.0,0.0,0.0,0,0,0,0.0,0.0
,0.0,0.0,0.0,0.0,0.0,0,0,0,0.0,0.0
,0.0,0.0,0.0,0.0,0.0,0,0,0,0.0,0.0
,0.0,0.0,0.0,0.0,0.0,0,0,0,0.0,0.0
,0.0,0.0,0.0,0.0,0.0,0,0,0,0.0,0.0
,0.0,0.0,0.0,0.0,0.0,0,0,0,0.0,0.0
,0.0,0.0,0.0,0.0,0.0,0,0,0,0.0,0.0
,0.0,0.0,0.0,0.0,0.0,0,0,0,0.0,0.0
,0.0,0.0,0.0,0.0,0.0,0,0,0,0.0,0.0
,0.0,0.0,0.0,0.0,0.0,0,0,0,0.0,0.0
,0.0,0.0,0.0,0.0,0.0,0,0,0,0.0,0.0
,0.0,0.0,0.0,0.0,0.0,0,0,0,0.0,0.0
,0.0,0.0,0.0,0.0,0.0,0,0,0,0.0,0.0
,0.0,0.0,0.0,0.0,0.0,0,0,0,0.0,0.0
,0.0,0.0,0.0,0.0,0.0,0,0,0,0.0,0.0
,0.0,0.0,0.0,0.0,0.0,0,0,0,0.0,0.0
,0.0,0.0,0.0,0.0,0.0,0,0,0,0.0,0.0
,0.0,0.0,0.0,0.0,0.0,0,0,0,0.0,0.0
,0.0,0.0,0.0,0.0,0.0,0,0,0,0.0,0.0
,0.0,0.0,0.0,0.0,0.0,0,0,0,0.0,0.0
,0.0,0.0,0.0,0.0,0.0,0,0,0,0.0,0.0
,0.0,0.0,0.0,0.0,0.0,0,0,0,0.0,0.0
,0.0,0.0,0.0,0.0,0.0,0,0,0,0.0,0.0
,0.0,0.0,0.0,0.0,0.0,0,0,0,0.0,0.0
,0.0,0.0,0.0,0.0,0.0,0,0,0,0.0,0.0
,0.0,0.0,0.0,0.0,0.0,0,0,0,0.0,0.0
,0.0,0.0,0.0,0.0,0.0,0,0,0,0.0,0.0
,0.0,0.0,0.0,0.0,0.0,0,0,0,0.0,0.0
,0.0,0.0,0.0,0.0,0.0,0,0,0,0.0,0.0
,0.0,0.0,0.0,0.0,0.0,0,0,0,0.0,0.0
,0.0,0.0,0.0,0.0,0.0,0,0,0,0.0,0.0
,0.0,0.0,0.0,0.0,0.0,0,0,0,0.0,0.0
,0.0,0.0,0.0,0.0,0.0,0,0,0,0.0,0.0
,0.0,0.0,0.0,0.0,0.0,0,0,0,0.0,0.0
,0.0,0.0,0.0,0.0,0.0,0,0,0,0.0,0.0
,0.0,0.0,0.0,0.0,0.0,0,0,0,0.0,0.0
,0.0,0.0,0.0,0.0,0.0,0,0,0,0.0,0.0
,0.0,0.0,0.0,0.0,0.0,0,0,0,0.0,0.0
,0.0,0.0,0.0,0.0,0.0,0,0,0,0.0,0.0
,0.0,0.0,0.0,0.0,0.0,0,0,0,0.0,0.0
,0.0,0.0,0.0,0.0,0.0,0,0,0,0.0,0.0
,0.0,0.0,0.0,0.0,0.0,0,0,0,0.0,0.0
,0.0,0.0,0.0,0.0,0.0,0,0,0,0.0,0.0
,0.0,0.0,0.0,0.0,0.0,0,0,0,0.0,0.0
,0.0,0.0,0.0,0.0,0.0,0,0,0,0.0,0.0
,0.0,0.0,0.0,0.0,0.0,0,0,0,0.0,0.0
,0.0,0.0,0.0,0.0,0.0,0,0,0,0.0,0.0
,0.0,0.0,0.0,0.0,0.0,0,0,0,0.0,0.0
,0.0,0.0,0.0,0.0,0.0,0,0,0,0.0,0.0
,0.0,0.0,0.0,0.0,0.0,0,0,0,0.0,0.0
,0.0,0.0,0.0,0.0,0.0,0,0,0,0.0,0.0
,0.0,0.0,0.0,0.0,0.0,0,0,0,0.0,0.0
,0.0,0.0,0.0,0.0,0.0,0,0,0,0.0,0.0
,0.0,0.0,0.0,0.0,0.0,0,0,0,0.0,0.0
,0.0,0.0,0.0,0.0,0.0,0,0,0,0.0,0.0
,0.0,0.0,0.0,0.0,0.0,0,0,0,0.0,0.0
,0.0,0.0,0.0,0.0,0.0,0,0,0,0.0,0.0
,0.0,0.0,0.0,0.0,0.0,0,0,0,0.0,0.0
,0.0,0.0,0.0,0.0,0.0,0,0,0,0.0,0.0
,0.0,0.0,0.0,0.0,0.0,0,0,0,0.0,0.0
,0.0,0.0,0.0,0.0,0.0,0,0,0,0.0,0.0
,0.0,0.0,0.0,0.0,0.0,0,0,0,0.0,0.0
,0.0,0.0,0.0,0.0,0.0,0,0,0,0.0,0.0
,0.0,0.0,0.0,0.0,0.0,0,0,0,0.0,0.0
,0.0,0.0,0.0,0.0,0.0,0,0,0,0.0,0.0
,0.0,0.0,0.0,0.0,0.0,0,0,0,0.0,0.0
,0.0,0.0,0.0,0.0,0.0,0,0,0,0.0,0.0
,0.0,0.0,0.0,0.0,0.0,0,0,0,0.0,0.0
,0.0,0.0,0.0,0.0,0.0,0,0,0,0.0,0.0
,0.0,0.0,0.0,0.0,0.0,0,0,0,0.0,0.0
,0.0,0.0,0.0,0.0,0.0,0,0,0,0.0,0.0
,0.0,0.0,0.0,0.0,0.0,0,0,0,0.0,0.0
,0.0,0.0,0.0,0.0,0.0,0,0,0,0.0,0.0
,0.0,0.0,0.0,0.0,0.0,0,0,0,0.0,0.0
,0.0,0.0,0.0,0.0,0.0,0,0,0,0.0,0.0
,0.0,0.0,0.0,0.0,0.0,0,0,0,0.0,0.0
,0.0,0.0,0.0,0.0,0.0,0,0,0,0.0,0.0
,0.0,0.0,0.0,0.0,0.0,0,0,0,0.0,0.0
,0.0,0.0,0.0,0.0,0.0,0,0,0,0.0,0.0
,0.0,0.0,0.0,0.0,0.0,0,0,0,0.0,0.0
,0.0,0.0,0.0,0.0,0.0,0,0,0,0.0,0.0
,0.0,0.0,0.0,0.0,0.0,0,0,0,0.0,0.0
,0.0,0.0,0.0,0.0,0.0,0,0,0,0.0,0.0
,0.0,0.0,0.0,0.0,0.0,0,0,0,0.0,0.0
,0.0,0.0,0.0,0.0,0.0,0,0,0,0.0,0.0
,0.0,0.0,0.0,0.0,0.0,0,0,0,0.0,0.0
,0.0,0.0,0.0,0.0,0.0,0,0,0,0.0,0.0
,0.0,0.0,0.0,0.0,0.0,0,0,0,0.0,0.0
,0.0,0.0,0.0,0.0,0.0,0,0,0,0.0,0.0
,0.0,0.0,0.0,0.0,0.0,0,0,0,0.0,0.0
,0.0,0.0,0.0,0.0,0.0,0,0,0,0.0,0.0
,0.0,0.0,0.0,0.0,0.0,0,0,0,0.0,0.0
,0.0,0.0,0.0,0.0,0.0,0,0,0,0.0,0.0
,0.0,0.0,0.0,0.0,0.0,0,0,0,0.0,0.0
,0.0,0.0,0.0,0.0,0.0,0,0,0,0.0,0.0
,0.0,0.0,0.0,0.0,0.0,0,0,0,0.0,0.0
,0.0,0.0,0.0,0.0,0.0,0,0,0,0.0,0.0
,0.0,0.0,0.0,0.0,0.0,0,0,0,0.0,0.0
,0.0,0.0,0.0,0.0,0.0,0,0,0,0.0,0.0
,0.0,0.0,0.0,0.0,0.0,0,0,0,0.0,0.0
,0.0,0.0,0.0,0.0,0.0,0,0,0,0.0,0.0
,0.0,0.0,0.0,0.0,0.0,0,0,0,0.0,0.0
,0.0,0.0,0.0,0.0,0.0,0,0,0,0.0,0.0
,0.0,0.0,0.0,0.0,0.0,0,0,0,0.0,0.0
,0.0,0.0,0.0,0.0,0.0,0,0,0,0.0,0.0
,0.0,0.0,0.0,0.0,0.0,0,0,0,0.0,0.0
,0.0,0.0,0.0,0.0,0.0,0,0,0,0.0,0.0
,0.0,0.0,0.0,0.0,0.0,0,0,0,0.0,0.0
,0.0,0.0,0.0,0.0,0.0,0,0,0,0.0,0.0
,0.0,0.0,0.0,0.0,0.0,0,0,0,0.0,0.0
,0.0,0.0,0.0,0.0,0.0,0,0,0,0.0,0.0
,0.0,0.0,0.0,0.0,0.0,0,0,0,0.0,0.0
,0.0,0.0,0.0,0.0,0.0,0,0,0,0.0,0.0
,0.0,0.0,0.0,0.0,0.0,0,0,0,0.0,0.0
,0.0,0.0,0.0,0.0,0.0,0,0,0,0.0,0.0
,0.0,0.0,0.0,0.0,0.0,0,0,0,0.0,0.0
,0.0,0.0,0.0,0.0,0.0,0,0,0,0.0,0.0
,0.0,0.0,0.0,0.0,0.0,0,0,0,0.0,0.0
,0.0,0.0,0.0,0.0,0.0,0,0,0,0.0,0.0
,0.0,0.0,0.0,0.0,0.0,0,0,0,0.0,0.0
,0.0,0.0,0.0,0.0,0.0,0,0,0,0.0,0.0
,0.0,0.0,0.0,0.0,0.0,0,0,0,0.0,0.0
,0.0,0.0,0.0,0.0,0.0,0,0,0,0.0,0.0
,0.0,0.0,0.0,0.0,0.0,0,0,0,0.0,0.0
,0.0,0.0,0.0,0.0,0.0,0,0,0,0.0,0.0
,0.0,0.0,0.0,0.0,0.0,0,0,0,0.0,0.0
,0.0,0.0,0.0,0.0,0.0,0,0,0,0.0,0.0
,0.0,0.0,0.0,0.0,0.0,0,0,0,0.0,0.0
,0.0,0.0,0.0,0.0,0.0,0,0,0,0.0,0.0
,0.0,0.0,0.0,0.0,0.0,0,0,0,0.0,0.0
,0.0,0.0,0.0,0.0,0.0,0,0,0,0.0,0.0
,0.0,0.0,0.0,0.0,0.0,0,0,0,0.0,0.0
,0.0,0.0,0.0,0.0,0.0,0,0,0,0.0,0.0
,0.0,0.0,0.0,0.0,0.0,0,0,0,0.0,0.0
,0.0,0.0,0.0,0.0,0.0,0,0,0,0.0,0.0
,0.0,0.0,0.0,0.0,0.0,0,0,0,0.0,0.0
,0.0,0.0,0.0,0.0,0.0,0,0,0,0.0,0.0
,0.0,0.0,0.0,0.0,0.0,0,0,0,0.0,0.0
,0.0,0.0,0.0,0.0,0.0,0,0,0,0.0,0.0
,0.0,0.0,0.0,0.0,0.0,0,0,0,0.0,0.0
,0.0,0.0,0.0,0.0,0.0,0,0,0,0.0,0.0
,0.0,0.0,0.0,0.0,0.0,0,0,0,0.0,0.0
,0.0,0.0,0.0,0.0,0.0,0,0,0,0.0,0.0
,0.0,0.0,0.0,0.0,0.0,0,0,0,0.0,0.0
,0.0,0.0,0.0,0.0,0.0,0,0,0,0.0,0.0
,0.0,0.0,0.0,0.0,0.0,0,0,0,0.0,0.0
,0.0,0.0,0.0,0.0,0.0,0,0,0,0.0,0.0
,0.0,0.0,0.0,0.0,0.0,0,0,0,0.0,0.0
,0.0,0.0,0.0,0.0,0.0,0,0,0,0.0,0.0
,0.0,0.0,0.0,0.0,0.0,0,0,0,0.0,0.0
,0.0,0.0,0.0,0.0,0.0,0,0,0,0.0,0.0
,0.0,0.0,0.0,0.0,0.0,0,0,0,0.0,0.0
,0.0,0.0,0.0,0.0,0.0,0,0,0,0.0,0.0
,0.0,0.0,0.0,0.0,0.0,0,0,0,0.0,0.0
,0.0,0.0,0.0,0.0,0.0,0,0,0,0.0,0.0
,0.0,0.0,0.0,0.0,0.0,0,0,0,0.0,0.0
,0.0,0.0,0.0,0.0,0.0,0,0,0,0.0,0.0
,0.0,0.0,0.0,0.0,0.0,0,0,0,0.0,0.0
,0.0,0.0,0.0,0.0,0.0,0,0,0,0.0,0.0
,0.0,0.0,0.0,0.0,0.0,0,0,0,0.0,0.0
,0.0,0.0,0.0,0.0,0.0,0,0,0,0.0,0.0
,0.0,0.0,0.0,0.0,0.0,0,0,0,0.0,0.0
,0.0,0.0,0.0,0.0,0.0,0,0,0,0.0,0.0
,0.0,0.0,0.0,0.0,0.0,0,0,0,0.0,0.0
,0.0,0.0,0.0,0.0,0.0,0,0,0,0.0,0.0
,0.0,0.0,0.0,0.0,0.0,0,0,0,0.0,0.0
,0.0,0.0,0.0,0.0,0.0,0,0,0,0.0,0.0
,0.0,0.0,0.0,0.0,0.0,0,0,0,0.0,0.0
,0.0,0.0,0.0,0.0,0.0,0,0,0,0.0,0.0
,0.0,0.0,0.0,0.0,0.0,0,0,0,0.0,0.0
,0.0,0.0,0.0,0.0,0.0,0,0,0,0.0,0.0
,0.0,0.0,0.0,0.0,0.0,0,0,0,0.0,0.0
,0.0,0.0,0.0,0.0,0.0,0,0,0,0.0,0.0
,0.0,0.0,0.0,0.0,0.0,0,0,0,0.0,0.0
,0.0,0.0,0.0,0.0,0.0,0,0,0,0.0,0.0
,0.0,0.0,0.0,0.0,0.0,0,0,0,0.0,0.0
,0.0,0.0,0.0,0.0,0.0,0,0,0,0.0,0.0
,0.0,0.0,0.0,0.0,0.0,0,0,0,0.0,0.0
,0.0,0.0,0.0,0.0,0.0,0,0,0,0.0,0.0
,0.0,0.0,0.0,0.0,0.0,0,0,0,0.0,0.0
,0.0,0.0,0.0,0.0,0.0,0,0,0,0.0,0.0
,0.0,0.0,0.0,0.0,0.0,0,0,0,0.0,0.0
,0.0,0.0,0.0,0.0,0.0,0,0,0,0.0,0.0
,0.0,0.0,0.0,0.0,0.0,0,0,0,0.0,0.0
,0.0,0.0,0.0,0.0,0.0,0,0,0,0.0,0.0
,0.0,0.0,0.0,0.0,0.0,0,0,0,0.0,0.0
,0.0,0.0,0.0,0.0,0.0,0,0,0,0.0,0.0
,0.0,0.0,0.0,0.0,0.0,0,0,0,0.0,0.0
,0.0,0.0,0.0,0.0,0.0,0,0,0,0.0,0.0
,0.0,0.0,0.0,0.0,0.0,0,0,0,0.0,0.0
,0.0,0.0,0.0,0.0,0.0,0,0,0,0.0,0.0
,0.0,0.0,0.0,0.0,0.0,0,0,0,0.0,0.0
,0.0,0.0,0.0,0.0,0.0,0,0,0,0.0,0.0
,0.0,0.0,0.0,0.0,0.0,0,0,0,0.0,0.0
,0.0,0.0,0.0,0.0,0.0,0,0,0,0.0,0.0
,0.0,0.0,0.0,0.0,0.0,0,0,0,0.0,0.0
,0.0,0.0,0.0,0.0,0.0,0,0,0,0.0,0.0
,0.0,0.0,0.0,0.0,0.0,0,0,0,0.0,0.0
,0.0,0.0,0.0,0.0,0.0,0,0,0,0.0,0.0
,0.0,0.0,0.0,0.0,0.0,0,0,0,0.0,0.0
,0.0,0.0,0.0,0.0,0.0,0,0,0,0.0,0.0
,0.0,0.0,0.0,0.0,0.0,0,0,0,0.0,0.0
,0.0,0.0,0.0,0.0,0.0,0,0,0,0.0,0.0
,0.0,0.0,0.0,0.0,0.0,0,0,0,0.0,0.0
,0.0,0.0,0.0,0.0,0.0,0,0,0,0.0,0.0
,0.0,0.0,0.0,0.0,0.0,0,0,0,0.0,0.0
,0.0,0.0,0.0,0.0,0.0,0,0,0,0.0,0.0
,0.0,0.0,0.0,0.0,0.0,0,0,0,0.0,0.0
,0.0,0.0,0.0,0.0,0.0,0,0,0,0.0,0.0
,0.0,0.0,0.0,0.0,0.0,0,0,0,0.0,0.0
,0.0,0.0,0.0,0.0,0.0,0,0,0,0.0,0.0
,0.0,0.0,0.0,0.0,0.0,0,0,0,0.0,0.0
,0.0,0.0,0.0,0.0,0.0,0,0,0,0.0,0.0
,0.0,0.0,0.0,0.0,0.0,0,0,0,0.0,0.0
,0.0,0.0,0.0,0.0,0.0,0,0,0,0.0,0.0
,0.0,0.0,0.0,0.0,0.0,0,0,0,0.0,0.0
,0.0,0.0,0.0,0.0,0.0,0,0,0,0.0,0.0
,0.0,0.0,0.0,0.0,0.0,0,0,0,0.0,0.0
,0.0,0.0,0.0,0.0,0.0,0,0,0,0.0,0.0
,0.0,0.0,0.0,0.0,0.0,0,0,0,0.0,0.0
,0.0,0.0,0.0,0.0,0.0,0,0,0,0.0,0.0
,0.0,0.0,0.0,0.0,0.0,0,0,0,0.0,0.0
,0.0,0.0,0.0,0.0,0.0,0,0,0,0.0,0.0
,0.0,0.0,0.0,0.0,0.0,0,0,0,0.0,0.0
,0.0,0.0,0.0,0.0,0.0,0,0,0,0.0,0.0
,0.0,0.0,0.0,0.0,0.0,0,0,0,0.0,0.0
,0.0,0.0,0.0,0.0,0.0,0,0,0,0.0,0.0
,0.0,0.0,0.0,0.0,0.0,0,0,0,0.0,0.0
,0.0,0.0,0.0,0.0,0.0,0,0,0,0.0,0.0
,0.0,0.0,0.0,0.0,0.0,0,0,0,0.0,0.0
,0.0,0.0,0.0,0.0,0.0,0,0,0,0.0,0.0
,0.0,0.0,0.0,0.0,0.0,0,0,0,0.0,0.0
,0.0,0.0,0.0,0.0,0.0,0,0,0,0.0,0.0
,0.0,0.0,0.0,0.0,0.0,0,0,0,0.0,0.0
,0.0,0.0,0.0,0.0,0.0,0,0,0,0.0,0.0
,0.0,0.0,0.0,0.0,0.0,0,0,0,0.0,0.0
,0.0,0.0,0.0,0.0,0.0,0,0,0,0.0,0.0
,0.0,0.0,0.0,0.0,0.0,0,0,0,0.0,0.0
,0.0,0.0,0.0,0.0,0.0,0,0,0,0.0,0.0
,0.0,0.0,0.0,0.0,0.0,0,0,0,0.0,0.0
,0.0,0.0,0.0,0.0,0.0,0,0,0,0.0,0.0
,0.0,0.0,0.0,0.0,0.0,0,0,0,0.0,0.0
,0.0,0.0,0.0,0.0,0.0,0,0,0,0.0,0.0
,0.0,0.0,0.0,0.0,0.0,0,0,0,0.0,0.0
,0.0,0.0,0.0,0.0,0.0,0,0,0,0.0,0.0
,0.0,0.0,0.0,0.0,0.0,0,0,0,0.0,0.0
,0.0,0.0,0.0,0.0,0.0,0,0,0,0.0,0.0
,0.0,0.0,0.0,0.0,0.0,0,0,0,0.0,0.0
,0.0,0.0,0.0,0.0,0.0,0,0,0,0.0,0.0
,0.0,0.0,0.0,0.0,0.0,0,0,0,0.0,0.0
,0.0,0.0,0.0,0.0,0.0,0,0,0,0.0,0.0
,0.0,0.0,0.0,0.0,0.0,0,0,0,0.0,0.0
,0.0,0.0,0.0,0.0,0.0,0,0,0,0.0,0.0
,0.0,0.0,0.0,0.0,0.0,0,0,0,0.0,0.0
,0.0,0.0,0.0,0.0,0.0,0,0,0,0.0,0.0
,0.0,0.0,0.0,0.0,0.0,0,0,0,0.0,0.0
,0.0,0.0,0.0,0.0,0.0,0,0,0,0.0,0.0
,0.0,0.0,0.0,0.0,0.0,0,0,0,0.0,0.0
,0.0,0.0,0.0,0.0,0.0,0,0,0,0.0,0.0
,0.0,0.0,0.0,0.0,0.0,0,0,0,0.0,0.0
,0.0,0.0,0.0,0.0,0.0,0,0,0,0.0,0.0
,0.0,0.0,0.0,0.0,0.0,0,0,0,0.0,0.0
,0.0,0.0,0.0,0.0,0.0,0,0,0,0.0,0.0
,0.0,0.0,0.0,0.0,0.0,0,0,0,0.0,0.0
,0.0,0.0,0.0,0.0,0.0,0,0,0,0.0,0.0
,0.0,0.0,0.0,0.0,0.0,0,0,0,0.0,0.0
,0.0,0.0,0.0,0.0,0.0,0,0,0,0.0,0.0
,0.0,0.0,0.0,0.0,0.0,0,0,0,0.0,0.0
,0.0,0.0,0.0,0.0,0.0,0,0,0,0.0,0.0
,0.0,0.0,0.0,0.0,0.0,0,0,0,0.0,0.0
,0.0,0.0,0.0,0.0,0.0,0,0,0,0.0,0.0
,0.0,0.0,0.0,0.0,0.0,0,0,0,0.0,0.0
,0.0,0.0,0.0,0.0,0.0,0,0,0,0.0,0.0
,0.0,0.0,0.0,0.0,0.0,0,0,0,0.0,0.0
,0.0,0.0,0.0,0.0,0.0,0,0,0,0.0,0.0
,0.0,0.0,0.0,0.0,0.0,0,0,0,0.0,0.0
,0.0,0.0,0.0,0.0,0.0,0,0,0,0.0,0.0
,0.0,0.0,0.0,0.0,0.0,0,0,0,0.0,0.0
,0.0,0.0,0.0,0.0,0.0,0,0,0,0.0,0.0
,0.0,0.0,0.0,0.0,0.0,0,0,0,0.0,0.0
,0.0,0.0,0.0,0.0,0.0,0,0,0,0.0,0.0
,0.0,0.0,0.0,0.0,0.0,0,0,0,0.0,0.0
,0.0,0.0,0.0,0.0,0.0,0,0,0,0.0,0.0
,0.0,0.0,0.0,0.0,0.0,0,0,0,0.0,0.0
,0.0,0.0,0.0,0.0,0.0,0,0,0,0.0,0.0
,0.0,0.0,0.0,0.0,0.0,0,0,0,0.0,0.0
,0.0,0.0,0.0,0.0,0.0,0,0,0,0.0,0.0
,0.0,0.0,0.0,0.0,0.0,0,0,0,0.0,0.0
,0.0,0.0,0.0,0.0,0.0,0,0,0,0.0,0.0
,0.0,0.0,0.0,0.0,0.0,0,0,0,0.0,0.0
,0.0,0.0,0.0,0.0,0.0,0,0,0,0.0,0.0
,0.0,0.0,0.0,0.0,0.0,0,0,0,0.0,0.0
,0.0,0.0,0.0,0.0,0.0,0,0,0,0.0,0.0
,0.0,0.0,0.0,0.0,0.0,0,0,0,0.0,0.0
,0.0,0.0,0.0,0.0,0.0,0,0,0,0.0,0.0
,0.0,0.0,0.0,0.0,0.0,0,0,0,0.0,0.0
,0.0,0.0,0.0,0.0,0.0,0,0,0,0.0,0.0
,0.0,0.0,0.0,0.0,0.0,0,0,0,0.0,0.0
,0.0,0.0,0.0,0.0,0.0,0,0,0,0.0,0.0
,0.0,0.0,0.0,0.0,0.0,0,0,0,0.0,0.0
,0.0,0.0,0.0,0.0,0.0,0,0,0,0.0,0.0
,0.0,0.0,0.0,0.0,0.0,0,0,0,0.0,0.0
,0.0,0.0,0.0,0.0,0.0,0,0,0,0.0,0.0
,0.0,0.0,0.0,0.0,0.0,0,0,0,0.0,0.0
,0.0,0.0,0.0,0.0,0.0,0,0,0,0.0,0.0
,0.0,0.0,0.0,0.0,0.0,0,0,0,0.0,0.0
,0.0,0.0,0.0,0.0,0.0,0,0,0,0.0,0.0
,0.0,0.0,0.0,0.0,0.0,0,0,0,0.0,0.0
,0.0,0.0,0.0,0.0,0.0,0,0,0,0.0,0.0
,0.0,0.0,0.0,0.0,0.0,0,0,0,0.0,0.0
,0.0,0.0,0.0,0.0,0.0,0,0,0,0.0,0.0
,0.0,0.0,0.0,0.0,0.0,0,0,0,0.0,0.0
,0.0,0.0,0.0,0.0,0.0,0,0,0,0.0,0.0
,0.0,0.0,0.0,0.0,0.0,0,0,0,0.0,0.0
,0.0,0.0,0.0,0.0,0.0,0,0,0,0.0,0.0
,0.0,0.0,0.0,0.0,0.0,0,0,0,0.0,0.0
,0.0,0.0,0.0,0.0,0.0,0,0,0,0.0,0.0
,0.0,0.0,0.0,0.0,0.0,0,0,0,0.0,0.0
,0.0,0.0,0.0,0.0,0.0,0,0,0,0.0,0.0
,0.0,0.0,0.0,0.0,0.0,0,0,0,0.0,0.0
,0.0,0.0,0.0,0.0,0.0,0,0,0,0.0,0.0
,0.0,0.0,0.0,0.0,0.0,0,0,0,0.0,0.0
,0.0,0.0,0.0,0.0,0.0,0,0,0,0.0,0.0
,0.0,0.0,0.0,0.0,0.0,0,0,0,0.0,0.0
,0.0,0.0,0.0,0.0,0.0,0,0,0,0.0,0.0
,0.0,0.0,0.0,0.0,0.0,0,0,0,0.0,0.0
,0.0,0.0,0.0,0.0,0.0,0,0,0,0.0,0.0
,0.0,0.0,0.0,0.0,0.0,0,0,0,0.0,0.0
,0.0,0.0,0.0,0.0,0.0,0,0,0,0.0,0.0
,0.0,0.0,0.0,0.0,0.0,0,0,0,0.0,0.0
,0.0,0.0,0.0,0.0,0.0,0,0,0,0.0,0.0
,0.0,0.0,0.0,0.0,0.0,0,0,0,0.0,0.0
,0.0,0.0,0.0,0.0,0.0,0,0,0,0.0,0.0
,0.0,0.0,0.0,0.0,0.0,0,0,0,0.0,0.0
,0.0,0.0,0.0,0.0,0.0,0,0,0,0.0,0.0
,0.0,0.0,0.0,0.0,0.0,0,0,0,0.0,0.0
,0.0,0.0,0.0,0.0,0.0,0,0,0,0.0,0.0
,0.0,0.0,0.0,0.0,0.0,0,0,0,0.0,0.0
,0.0,0.0,0.0,0.0,0.0,0,0,0,0.0,0.0
,0.0,0.0,0.0,0.0,0.0,0,0,0,0.0,0.0
,0.0,0.0,0.0,0.0,0.0,0,0,0,0.0,0.0
,0.0,0.0,0.0,0.0,0.0,0,0,0,0.0,0.0
,0.0,0.0,0.0,0.0,0.0,0,0,0,0.0,0.0
,0.0,0.0,0.0,0.0,0.0,0,0,0,0.0,0.0
,0.0,0.0,0.0,0.0,0.0,0,0,0,0.0,0.0
,0.0,0.0,0.0,0.0,0.0,0,0,0,0.0,0.0
,0.0,0.0,0.0,0.0,0.0,0,0,0,0.0,0.0
,0.0,0.0,0.0,0.0,0.0,0,0,0,0.0,0.0
,0.0,0.0,0.0,0.0,0.0,0,0,0,0.0,0.0
,0.0,0.0,0.0,0.0,0.0,0,0,0,0.0,0.0
,0.0,0.0,0.0,0.0,0.0,0,0,0,0.0,0.0
,0.0,0.0,0.0,0.0,0.0,0,0,0,0.0,0.0
,0.0,0.0,0.0,0.0,0.0,0,0,0,0.0,0.0
,0.0,0.0,0.0,0.0,0.0,0,0,0,0.0,0.0
,0.0,0.0,0.0,0.0,0.0,0,0,0,0.0,0.0
,0.0,0.0,0.0,0.0,0.0,0,0,0,0.0,0.0
,0.0,0.0,0.0,0.0,0.0,0,0,0,0.0,0.0
,0.0,0.0,0.0,0.0,0.0,0,0,0,0.0,0.0
,0.0,0.0,0.0,0.0,0.0,0,0,0,0.0,0.0
,0.0,0.0,0.0,0.0,0.0,0,0,0,0.0,0.0
,0.0,0.0,0.0,0.0,0.0,0,0,0,0.0,0.0
,0.0,0.0,0.0,0.0,0.0,0,0,0,0.0,0.0
,0.0,0.0,0.0,0.0,0.0,0,0,0,0.0,0.0
,0.0,0.0,0.0,0.0,0.0,0,0,0,0.0,0.0
,0.0,0.0,0.0,0.0,0.0,0,0,0,0.0,0.0
,0.0,0.0,0.0,0.0,0.0,0,0,0,0.0,0.0
,0.0,0.0,0.0,0.0,0.0,0,0,0,0.0,0.0
,0.0,0.0,0.0,0.0,0.0,0,0,0,0.0,0.0
,0.0,0.0,0.0,0.0,0.0,0,0,0,0.0,0.0
,0.0,0.0,0.0,0.0,0.0,0,0,0,0.0,0.0
,0.0,0.0,0.0,0.0,0.0,0,0,0,0.0,0.0
,0.0,0.0,0.0,0.0,0.0,0,0,0,0.0,0.0
,0.0,0.0,0.0,0.0,0.0,0,0,0,0.0,0.0
,0.0,0.0,0.0,0.0,0.0,0,0,0,0.0,0.0
,0.0,0.0,0.0,0.0,0.0,0,0,0,0.0,0.0
,0.0,0.0,0.0,0.0,0.0,0,0,0,0.0,0.0
,0.0,0.0,0.0,0.0,0.0,0,0,0,0.0,0.0
,0.0,0.0,0.0,0.0,0.0,0,0,0,0.0,0.0
,0.0,0.0,0.0,0.0,0.0,0,0,0,0.0,0.0
,0.0,0.0,0.0,0.0,0.0,0,0,0,0.0,0.0
,0.0,0.0,0.0,0.0,0.0,0,0,0,0.0,0.0
,0.0,0.0,0.0,0.0,0.0,0,0,0,0.0,0.0
,0.0,0.0,0.0,0.0,0.0,0,0,0,0.0,0.0
,0.0,0.0,0.0,0.0,0.0,0,0,0,0.0,0.0
,0.0,0.0,0.0,0.0,0.0,0,0,0,0.0,0.0
,0.0,0.0,0.0,0.0,0.0,0,0,0,0.0,0.0
,0.0,0.0,0.0,0.0,0.0,0,0,0,0.0,0.0
,0.0,0.0,0.0,0.0,0.0,0,0,0,0.0,0.0
,0.0,0.0,0.0,0.0,0.0,0,0,0,0.0,0.0
,0.0,0.0,0.0,0.0,0.0,0,0,0,0.0,0.0
,0.0,0.0,0.0,0.0,0.0,0,0,0,0.0,0.0
,0.0,0.0,0.0,0.0,0.0,0,0,0,0.0,0.0
,0.0,0.0,0.0,0.0,0.0,0,0,0,0.0,0.0
,0.0,0.0,0.0,0.0,0.0,0,0,0,0.0,0.0
,0.0,0.0,0.0,0.0,0.0,0,0,0,0.0,0.0
,0.0,0.0,0.0,0.0,0.0,0,0,0,0.0,0.0
,0.0,0.0,0.0,0.0,0.0,0,0,0,0.0,0.0
,0.0,0.0,0.0,0.0,0.0,0,0,0,0.0,0.0
,0.0,0.0,0.0,0.0,0.0,0,0,0,0.0,0.0
,0.0,0.0,0.0,0.0,0.0,0,0,0,0.0,0.0
,0.0,0.0,0.0,0.0,0.0,0,0,0,0.0,0.0
,0.0,0.0,0.0,0.0,0.0,0,0,0,0.0,0.0
,0.0,0.0,0.0,0.0,0.0,0,0,0,0.0,0.0
,0.0,0.0,0.0,0.0,0.0,0,0,0,0.0,0.0
,0.0,0.0,0.0,0.0,0.0,0,0,0,0.0,0.0
,0.0,0.0,0.0,0.0,0.0,0,0,0,0.0,0.0
,0.0,0.0,0.0,0.0,0.0,0,0,0,0.0,0.0
